id,domain,text,x,y
1,Artes_y_Entretenimiento,El director ganó un premio en el festival de cine.,-19.31902,7.0140724
2,Artes_y_Entretenimiento,La galería presenta obras de arte contemporáneo.,-26.447731,-4.223675
3,Artes_y_Entretenimiento,El guionista escribió una nueva serie dramática.,-25.885782,10.924602
4,Artes_y_Entretenimiento,El muralista pintó la fachada del teatro local.,-24.38948,-4.0501943
5,Artes_y_Entretenimiento,El bajista tocó un solo impresionante en el concierto.,-16.230583,3.4518294
6,Artes_y_Entretenimiento,Los actores ensayan la obra de teatro clásico.,-20.538076,2.788328
7,Artes_y_Entretenimiento,Se agotaron las entradas para el musical.,-15.562995,2.1502693
8,Artes_y_Entretenimiento,El público aplaudió la coreografía de los bailarines.,-22.873268,3.0532377
9,Artes_y_Entretenimiento,La exhibición fotográfica abre el sábado por la noche.,-25.308779,-1.5753888
10,Artes_y_Entretenimiento,El saxofonista improvisó durante el jazz session.,-20.647154,0.48918068
11,Artes_y_Entretenimiento,El documental obtuvo nominación al Goya.,-20.529846,6.971856
12,Artes_y_Entretenimiento,El set de rodaje estuvo en el centro histórico.,-23.097843,-1.8702726
13,Artes_y_Entretenimiento,El violinista interpreta piezas de Mozart en recitales.,-20.201334,1.0707251
14,Artes_y_Entretenimiento,El escultor utiliza mármol en sus nuevas creaciones.,-27.589151,-8.2221985
15,Artes_y_Entretenimiento,El festival proyecta cortometrajes internacionales gratis.,-22.743078,6.2773023
16,Artes_y_Entretenimiento,El montaje de luces transformó el escenario del concierto.,-16.983461,2.3955643
17,Artes_y_Entretenimiento,El protagonista de la película sorprendió con su actuación en el estreno mundial.,-21.395971,8.290978
18,Artes_y_Entretenimiento,El arte digital ha revolucionado la exposición anual de la fundación cultural.,-26.410057,-3.471066
19,Artes_y_Entretenimiento,La crítica destacó la dirección fotográfica en la última producción de Almodóvar.,-21.921312,-4.299213
20,Artes_y_Entretenimiento,El actor invitado posó para los fotógrafos en la alfombra roja del evento.,-19.862873,8.520297
21,Artes_y_Entretenimiento,El curador organizó una retrospectiva dedicada al surrealismo francés en el museo principal.,-27.595272,-0.59086597
22,Artes_y_Entretenimiento,La escenografía del musical recreó fielmente la atmósfera de Broadway.,-18.640368,3.1150148
23,Artes_y_Entretenimiento,La canción principal del álbum recibió un Grammy el año pasado.,-16.003813,4.972664
24,Artes_y_Entretenimiento,El director de orquesta lideró a la sinfónica durante el homenaje a Verdi.,-19.882359,1.7469271
25,Artes_y_Entretenimiento,El público llenó el auditorio para escuchar el estreno mundial de la ópera.,-18.664583,2.0705407
26,Artes_y_Entretenimiento,Las pinturas impresionistas fueron trasladadas a París para una exhibición internacional.,-27.90889,-1.1322688
27,Artes_y_Entretenimiento,El cineasta rodó escenas en locaciones emblemáticas de la ciudad.,-23.070974,-2.6958187
28,Artes_y_Entretenimiento,El actor expresó su emoción durante la rueda de prensa tras recibir el galardón.,-19.40708,9.202441
29,Artes_y_Entretenimiento,La exposición de arte pop atrajo a coleccionistas y críticos.,-27.314882,-3.923567
30,Artes_y_Entretenimiento,El estreno del documental reunió a personalidades del cine y la televisión.,-20.99468,7.802732
31,Artes_y_Entretenimiento,El diseñador de vestuario creó trajes originales para el elenco de la serie.,-24.572021,3.700269
32,Artes_y_Entretenimiento,La interpretación del monólogo recibió varios minutos de ovación.,-19.820211,11.09481
33,Artes_y_Entretenimiento,El público disfrutó del recital acústico en la sala de conciertos municipal.,-18.48229,1.691503
34,Artes_y_Entretenimiento,Las reproducciones escultóricas formaron parte de la bienal de arte contemporáneo.,-26.551025,-4.6629453
35,Artes_y_Entretenimiento,"El festival internacional presentó más de veinte largometrajes inéditos de directores latinoamericanos, consolidándose como un evento clave del calendario cinematográfico.",-22.721037,6.246176
36,Artes_y_Entretenimiento,La compositora experimentó fusionando ritmos tradicionales con electrónica en la creación de la banda sonora para una película de animación.,-22.30944,1.468212
37,Artes_y_Entretenimiento,"Observé la meticulosa restauración del mural de Diego Rivera, un proceso esencial para la conservación del patrimonio artístico nacional.",-24.365017,-5.167795
38,Artes_y_Entretenimiento,"El crítico de cine, conocido por su severidad, elogió los efectos especiales en la última superproducción de ciencia ficción.",-22.884113,9.2668
39,Artes_y_Entretenimiento,"Durante la gala, el presentador anunció la lista completa de nominados a los premios más prestigiosos de la industria del entretenimiento.",-18.734718,6.857727
40,Artes_y_Entretenimiento,"La actriz protagonizó una miniserie basada en hechos históricos, recibiendo excelentes comentarios sobre su transformación física y emocional.",-25.207708,10.219332
41,Artes_y_Entretenimiento,"El coreógrafo integró elementos visuales innovadores en la puesta en escena del ballet contemporáneo, sorprendiendo gratamente a la audiencia especializada.",-22.888199,3.1664166
42,Artes_y_Entretenimiento,"La muestra retrospectiva incluyó óleos, instalaciones y videoperformance, evidenciando la versatilidad del artista homenajeado en el circuito de arte visual.",-21.295073,-5.3711333
43,Artes_y_Entretenimiento,El documentalista entrevistó a músicos emergentes para retratar la evolución de la escena independiente en la ciudad durante la última década.,-19.762653,-0.90369266
44,Artes_y_Entretenimiento,"La voz de la soprano destacó por su expresividad en el aria central de la ópera barroca, cautivando a todo el teatro principal.",-19.54079,2.3955417
45,Artes_y_Entretenimiento,El director artístico coordinó la integración de mapping y danza aérea para el espectáculo inaugural del festival multimedia.,-22.3568,3.8262584
46,Artes_y_Entretenimiento,"Tras años de preparación, la compañía teatral finalmente estrenó su versión vanguardista de ‘Hamlet’ en el Teatro Nacional.",-19.839094,3.6253598
47,Artes_y_Entretenimiento,El famoso animador digital compartió su proceso creativo en una masterclass para jóvenes talentos de artes visuales.,-20.639101,-5.3308687
48,Artes_y_Entretenimiento,El largo metraje documental capturó los ensayos y la vida cotidiana tras bastidores de la legendaria orquesta filarmónica.,-19.140446,-0.14743146
49,Artes_y_Entretenimiento,"Los asistentes disfrutaron de una experiencia inmersiva que combinaba proyecciones audiovisuales, instalaciones interactivas y música experimental en tiempo real.",-17.06275,-1.2520498
50,Artes_y_Entretenimiento,"El mural colaborativo, pintado durante el evento cultural, reunía estilos diversos para celebrar la riqueza artística de la metrópoli.",-24.489433,-4.4241333
51,Autos_y_Vehiculos,El motor requiere aceite sintético cada diez mil kilómetros.,10.128851,-25.15489
52,Autos_y_Vehiculos,Cambia las bujías de tu auto regularmente.,6.397813,-20.488752
53,Autos_y_Vehiculos,El tablero muestra una luz de advertencia de frenos.,2.886723,-18.691452
54,Autos_y_Vehiculos,Revisa la presión de las llantas semanalmente.,30.22557,7.8876424
55,Autos_y_Vehiculos,El filtro de aire está obstruido y necesita cambio.,-0.5999428,-25.657684
56,Autos_y_Vehiculos,El sistema ABS mejora la seguridad al frenar.,8.1303625,-18.555243
57,Autos_y_Vehiculos,Ese modelo ofrece control crucero adaptativo.,6.3838673,-18.513763
58,Autos_y_Vehiculos,El embrague está desgastado y patina.,-3.930142,-25.223553
59,Autos_y_Vehiculos,Haz una alineación al cambiar las llantas.,-4.18275,-22.784645
60,Autos_y_Vehiculos,El limpiaparabrisas dejó de funcionar correctamente.,-2.821214,-25.76721
61,Autos_y_Vehiculos,La transmisión automática presenta fallos al acelerar.,9.84938,-14.613223
62,Autos_y_Vehiculos,Solicita un peritaje antes de comprar un usado.,22.751764,3.5065322
63,Autos_y_Vehiculos,La revisión técnica es obligatoria para circular.,21.718412,25.749567
64,Autos_y_Vehiculos,El sedán ganó el premio a Auto del Año.,-15.56942,6.570578
65,Autos_y_Vehiculos,El SUV nuevo incluye sensor de punto ciego.,4.5181446,-19.326643
66,Autos_y_Vehiculos,El alternador recarga la batería del vehículo.,3.8996627,-21.835669
67,Autos_y_Vehiculos,El concesionario ofrece pruebas de manejo con cita previa.,12.487284,-17.266777
68,Autos_y_Vehiculos,El sistema start-stop reduce el consumo de combustible al detenerse en el tráfico.,6.489628,-22.521074
69,Autos_y_Vehiculos,Los sistemas de asistencia al estacionamiento facilitan las maniobras en espacios reducidos.,0.7079639,-15.226609
70,Autos_y_Vehiculos,Las motocicletas deportivas requieren cascos homologados y ropa protectora específica.,7.988959,-24.994642
71,Autos_y_Vehiculos,El recambio de discos y pastillas de freno debe hacerse cada cierta cantidad de kilómetros recorridos.,11.518522,-21.436062
72,Autos_y_Vehiculos,Muchos vehículos eléctricos utilizan freno regenerativo para optimizar la autonomía de la batería.,4.330201,-21.892092
73,Autos_y_Vehiculos,Los faros LED proporcionan iluminación más eficiente y duradera que los halógenos convencionales.,-1.4624825,-19.778797
74,Autos_y_Vehiculos,El cambio de correa de distribución es fundamental para evitar daños en el motor.,7.299181,-21.816822
75,Autos_y_Vehiculos,El avalúo automotriz es necesario para tramitar seguros y ventas de autos usados.,27.167751,10.857641
76,Autos_y_Vehiculos,Las camionetas doble cabina se recomiendan para cargas pesadas y terrenos irregulares.,10.784838,-21.506357
77,Autos_y_Vehiculos,"Para conservar la garantía del fabricante, siempre realiza los servicios en talleres autorizados.",2.098148,16.505552
78,Autos_y_Vehiculos,La industria automotriz lanza nuevos modelos con sistemas híbridos y autónomos cada año.,4.964596,-13.1199
79,Autos_y_Vehiculos,Los autos deportivos cuentan con suspensión ajustable para adaptarse al tipo de conducción.,7.3452945,-20.48752
80,Autos_y_Vehiculos,El kilometraje declarado en el odómetro debe coincidir con el historial de mantenimientos oficiales.,12.443531,-20.43229
81,Autos_y_Vehiculos,El sistema de inyección electrónica mejora la eficiencia y reduce las emisiones contaminantes de los motores modernos.,6.8008347,-23.021334
82,Autos_y_Vehiculos,Instalar barras portaequipajes en el techo requiere seguir las especificaciones de cada automóvil.,10.063772,-19.599072
83,Autos_y_Vehiculos,Los seguros automotrices pueden cubrir desde responsabilidad civil hasta robo total o daños materiales.,27.767912,11.388527
84,Autos_y_Vehiculos,El convertible eléctrico presentado en la feria automotriz sorprendió por su diseño aerodinámico y autonomía.,4.911908,-20.21006
85,Autos_y_Vehiculos,Es imprescindible ajustar el torque de las tuercas al montar las llantas nuevas.,-3.3925493,-22.9823
86,Autos_y_Vehiculos,En los vehículos diésel es recomendable verificar el filtro de partículas periódicamente.,4.956802,-25.133783
87,Autos_y_Vehiculos,El servicio de alineación y balanceo evita el desgaste irregular de las llantas y mejora la seguridad en carretera.,7.9098687,-19.231325
88,Autos_y_Vehiculos,Algunos sedanes de lujo incluyen control de estabilidad y alerta de cambio involuntario de carril.,7.0105433,-19.199944
89,Autos_y_Vehiculos,"La revisión del sistema de suspensión incluye inspección de amortiguadores, rótulas y terminales de dirección.",9.616002,-18.731968
90,Autos_y_Vehiculos,La matriculación anual exige presentar comprobante de revisión vehicular al día.,11.816569,-17.946114
91,Autos_y_Vehiculos,El mercado de vehículos usados creció con la llegada de plataformas digitales dedicadas exclusivamente a la compraventa de autos.,26.875818,0.1481944
92,Autos_y_Vehiculos,Los neumáticos con sistema run flat permiten circular algunos kilómetros después de un pinchazo.,11.647067,-22.385778
93,Autos_y_Vehiculos,"El test drive de la camioneta incluyó diversos terrenos, resaltando la versatilidad del sistema de tracción integral y la respuesta del motor turboalimentado.",9.1170025,-21.274324
94,Autos_y_Vehiculos,Las motocicletas de baja cilindrada tienen ventajas en consumo de combustible y maniobrabilidad urbana.,7.874408,-24.33473
95,Autos_y_Vehiculos,"El auto compacto obtuvo cinco estrellas en pruebas de choque frontal y lateral, destacando sus sistemas de protección para ocupantes y peatones.",8.44885,-20.487883
96,Autos_y_Vehiculos,"Es recomendable revisar el nivel de líquido de frenos cada vez que el vehículo tiene servicio de mantenimiento preventivo, para garantizar funcionamiento óptimo.",9.068979,-19.09056
97,Autos_y_Vehiculos,Los autos híbridos enchufables combinan motores eléctricos y de combustión para optimizar eficiencia y reducir emisiones en trayectos urbanos.,7.4144464,-23.116295
98,Autos_y_Vehiculos,La industria automotriz experimenta una revolución tecnológica con la adopción de inteligencia artificial en vehículos autónomos y sistemas de asistencia avanzados.,4.9141893,-12.955359
99,Autos_y_Vehiculos,"Antes de adquirir un auto seminuevo, solicite un historial de mantenimiento y verifique que no tenga reportes de siniestros previos ni adeudos pendientes.",11.216179,-17.173508
100,Autos_y_Vehiculos,La sustitución periódica del filtro de cabina mejora la calidad del aire interior y protege los sistemas de climatización en automóviles modernos.,1.8144308,-26.16783
101,Belleza_y_Fitness,La mascarilla facial hidrata profundamente la piel.,-18.503618,-27.844406
102,Belleza_y_Fitness,Este serum reduce la apariencia de los poros.,-12.418877,-30.767326
103,Belleza_y_Fitness,El delineador líquido ofrece un acabado preciso.,-9.61777,-30.87096
104,Belleza_y_Fitness,El tono nude del esmalte es tendencia este año.,-15.322316,-26.028328
105,Belleza_y_Fitness,Aplica crema reafirmante cada mañana.,-18.651915,-30.493898
106,Belleza_y_Fitness,El agua micelar elimina impurezas y maquillaje.,-12.377515,-30.545883
107,Belleza_y_Fitness,El exfoliante corporal suaviza la textura de la piel.,-16.862984,-27.344316
108,Belleza_y_Fitness,Me encanta la rutina diaria de cuidado capilar.,-23.61537,-17.642616
109,Belleza_y_Fitness,El aceite de argán nutre el cabello seco.,-15.39816,-30.996845
110,Belleza_y_Fitness,Realiza ejercicios de glúteos tres veces por semana.,-8.1786,-7.3351035
111,Belleza_y_Fitness,Las pestañas postizas realzan la mirada dramáticamente.,-17.98089,-21.099005
112,Belleza_y_Fitness,La manicura francesa sigue siendo muy elegante.,-28.935215,-1.0301067
113,Belleza_y_Fitness,Utiliza protector solar antes de salir a correr.,1.473225,-32.536983
114,Belleza_y_Fitness,El secador iónico previene el frizz en el cabello.,-15.002667,-30.042786
115,Belleza_y_Fitness,El rizador crea ondas definidas en minutos.,-8.410181,-25.795769
116,Belleza_y_Fitness,El lápiz de cejas rellena y perfecciona el diseño.,-15.791398,-22.34785
117,Belleza_y_Fitness,El entrenamiento funcional combina fuerza y flexibilidad mejorando la estética corporal.,-6.8557076,-10.186673
118,Belleza_y_Fitness,El maquillaje waterproof es ideal para sesiones de fitness al aire libre.,-13.108371,-27.474802
119,Belleza_y_Fitness,La crema antiedad ayuda a combatir las líneas de expresión del rostro.,-18.988699,-28.407808
120,Belleza_y_Fitness,El gimnasio ofrece clases de spinning enfocadas en tonificar las piernas.,-7.9081345,-8.649151
121,Belleza_y_Fitness,El tratamiento de queratina aporta brillo y disciplina al cabello rebelde.,-15.485627,-29.91646
122,Belleza_y_Fitness,El polvos traslúcidos sellan el maquillaje sin alterar el color natural.,-16.525927,-25.559353
123,Belleza_y_Fitness,El masaje reductor se incorpora en muchos programas de belleza corporal.,-19.086483,-25.258987
124,Belleza_y_Fitness,Los fitoplancton marinos forman parte de varias cremas para el contorno de ojos.,-18.636753,-23.123167
125,Belleza_y_Fitness,El entrenamiento HIIT optimiza la pérdida de grasa y mejora la definición muscular.,-7.957419,-9.870255
126,Belleza_y_Fitness,La hidratación con ácido hialurónico es esencial en rutinas cosméticas de belleza.,-19.133947,-25.858631
127,Belleza_y_Fitness,Los rodillos faciales mejoran la circulación y el aspecto de la piel.,-20.248455,-26.899357
128,Belleza_y_Fitness,El tinte para cejas potencia el color y armoniza el rostro.,-17.213816,-23.50614
129,Belleza_y_Fitness,El acondicionador sin enjuague facilita el peinado tras el entrenamiento.,-14.301013,-28.405508
130,Belleza_y_Fitness,Los suplementos de colágeno benefician la elasticidad y juventud de la piel.,-20.610716,-27.608479
131,Belleza_y_Fitness,El lifting de pestañas es tendencia en los salones de belleza este mes.,-25.197191,-12.031029
132,Belleza_y_Fitness,La crema despigmentante mejora el tono uniforme del rostro.,-18.480713,-28.092125
133,Belleza_y_Fitness,El peeling químico es recomendado para renovar la textura de la piel.,-16.98856,-27.658699
134,Belleza_y_Fitness,La depilación con cera ofrece resultados más duraderos.,-16.657259,-28.48421
135,Belleza_y_Fitness,Los ejercicios isométricos son esenciales para la tonificación y estética abdominal.,-7.6487517,-10.887495
136,Belleza_y_Fitness,El primer paso en la rutina facial es limpiar profundamente el rostro para eliminar residuos de maquillaje y contaminantes.,-18.183666,-28.725683
137,Belleza_y_Fitness,Una sesión de microblading puede transformar completamente la forma de tus cejas aportando un aspecto más definido y natural.,-16.53735,-22.237991
138,Belleza_y_Fitness,Los gimnasios suelen ofrecer asesoramiento personalizado para mejorar la imagen mediante planes de entrenamiento y dieta específica para definir músculos.,-7.2897243,-9.354119
139,Belleza_y_Fitness,El uso de mascarillas de carbón activado ayuda a controlar la grasa y prevenir los puntos negros en el rostro.,-19.786802,-28.974483
140,Belleza_y_Fitness,La elección del tono de base es crucial para lograr una apariencia uniforme que resalte la belleza natural del cutis sin imperfecciones.,-15.0909195,-24.377796
141,Belleza_y_Fitness,Las rutinas de entrenamiento de alta intensidad están diseñadas para transformar la silueta de quienes buscan resultados visibles en poco tiempo.,-5.9473753,-9.498158
142,Belleza_y_Fitness,La aplicación de sérum antes de la crema hidratante aumenta notablemente la efectividad de los productos de belleza facial.,-18.82797,-26.960445
143,Belleza_y_Fitness,El maquillaje mineral suele ser preferido por personas que desean una apariencia natural cuidando la salud de su piel.,-17.974512,-26.48236
144,Belleza_y_Fitness,Las extensiones de pestañas pueden aportar volumen y longitud intensificando la expresividad de la mirada en cualquier ocasión.,-17.502918,-21.923666
145,Belleza_y_Fitness,El uso de bandas elásticas en entrenamientos de glúteos mejora la tonificación y contribuye al modelado corporal deseado.,-6.9722676,-10.615436
146,Belleza_y_Fitness,"Durante una rutina de belleza, es importante exfoliar la piel regularmente para mantenerla suave, luminosa y libre de imperfecciones.",-16.495464,-27.036089
147,Belleza_y_Fitness,El secado profesional con difusor permite definir rizos sin dañarlos ni alterar el volumen natural del cabello.,-14.522494,-29.188038
148,Belleza_y_Fitness,Los tratamientos de hidratación intensiva suelen incluir aceites esenciales naturales para restaurar el brillo y estructura del cabello.,-16.173876,-30.841152
149,Belleza_y_Fitness,La aplicación de iluminador en puntos clave del rostro realza la belleza y crea un efecto de luz natural muy favorecedor.,-17.19099,-23.135136
150,Belleza_y_Fitness,"En los salones de belleza modernos, se ofrecen servicios personalizados de manicure con acabados de tendencia y técnicas innovadoras de diseño.",-24.038416,-11.137669
151,Bienes_Raices,El agente inmobiliario mostró la casa esta mañana.,26.938927,16.255566
152,Bienes_Raices,El alquiler mensual incluye el uso del trastero.,24.249975,18.541523
153,Bienes_Raices,La hipoteca fue aprobada por el banco.,30.101738,14.620838
154,Bienes_Raices,El terreno urbano está disponible para inversión inmediata.,33.711544,18.55228
155,Bienes_Raices,Busco departamento con balcón en zona céntrica.,-4.695776,-18.358341
156,Bienes_Raices,Aumentaron los precios de los apartamentos nuevos.,34.31333,20.443449
157,Bienes_Raices,El notario validó la compra de la propiedad.,26.388058,18.53627
158,Bienes_Raices,La inmobiliaria organiza visitas guiadas los sábados.,19.133177,-14.192444
159,Bienes_Raices,Los gastos de comunidad son obligatorios para el condominio.,28.469498,21.320906
160,Bienes_Raices,El plano arquitectónico ya fue entregado al promotor.,23.066118,21.424646
161,Bienes_Raices,Se vendió el local comercial en menos de un mes.,16.034258,2.9708128
162,Bienes_Raices,El contrato de arrendamiento vence el próximo año.,20.424047,19.282085
163,Bienes_Raices,La escritura pública garantiza la posesión legal.,15.869833,32.811237
164,Bienes_Raices,La tasación oficial superó las expectativas del vendedor.,21.314077,-1.0751954
165,Bienes_Raices,El proyecto residencial contará con piscina y gimnasio.,-0.67026335,-14.732825
166,Bienes_Raices,La oferta fue aceptada por el propietario actual.,25.11699,16.3466
167,Bienes_Raices,¿Cuántos metros cuadrados tiene el piso en alquiler?,-3.5452914,-16.84287
168,Bienes_Raices,El valor del inmueble se revalorizó tras la reforma.,26.645712,22.93371
169,Bienes_Raices,¿Qué incluye el costo de mantenimiento del edificio?,25.94697,21.21542
170,Bienes_Raices,El certificado energético es requisito para vender la casa.,28.08504,18.464815
171,Bienes_Raices,Todos los departamentos del edificio ya fueron reservados por inversionistas inmobiliarios interesados en la plusvalía del sector.,32.98026,17.715527
172,Bienes_Raices,El arquitecto debe presentar los planos definitivos antes de que se inicie la obra en el terreno recién adquirido.,23.170656,21.529503
173,Bienes_Raices,El propietario acordó dejar algunos muebles empotrados tras firmar el contrato de compraventa ante la agencia inmobiliaria.,25.519121,16.522177
174,Bienes_Raices,"Actualmente, el mercado inmobiliario muestra un auge en proyectos de lofts que atraen a jóvenes profesionales buscando vivienda cerca del centro.",31.78308,18.767393
175,Bienes_Raices,La agente de bienes raíces sugiere realizar una inspección técnica antes de proceder con la firma del contrato de alquiler a largo plazo.,27.98504,17.022093
176,Bienes_Raices,"Si piensas invertir en propiedades comerciales, es fundamental evaluar la rentabilidad anual ofrecida por el local y su ubicación estratégica.",34.022312,16.889692
177,Bienes_Raices,"Los nuevos desarrollos habitacionales incluyen áreas verdes, estacionamiento subterráneo y acceso controlado, condiciones muy valoradas por familias que buscan seguridad y comodidad.",22.146105,14.127315
178,Bienes_Raices,"Para transferir la propiedad correctamente, se requiere la intervención de un notario y la actualización de los registros catastrales municipales.",27.249529,25.090004
179,Bienes_Raices,El financiamiento hipotecario ofrecido por algunas entidades bancarias facilita la adquisición de vivienda a parejas jóvenes interesadas en mudarse.,31.229351,17.148968
180,Bienes_Raices,"En el avalúo inmobiliario se consideran factores como ubicación, antigüedad de la construcción y materiales utilizados para determinar el valor real.",29.642557,18.393833
181,Bienes_Raices,"El contrato de alquiler debe especificar claramente el plazo, los montos mensuales y las obligaciones legales de ambas partes involucradas.",23.926722,18.278755
182,Bienes_Raices,"La plusvalía del terreno aumentó significativamente después de la construcción de la nueva plaza comercial cercana, beneficiando a quienes compraron previamente.",34.58795,20.369535
183,Bienes_Raices,"El condominio cuenta con estrictas normas internas sobre remodelaciones, por lo que los inquilinos deben obtener permiso antes de modificar cualquier área privativa.",28.419634,21.35211
184,Bienes_Raices,La inmobiliaria local anunció la pre-venta de departamentos tipo estudio con facilidades de pago y descuentos para compradores anticipados.,31.000097,20.201384
185,Bienes_Raices,Los desarrolladores inmobiliarios suelen estudiar la oferta y demanda del sector antes de iniciar nuevos proyectos residenciales o comerciales.,30.20415,19.601835
186,Bienes_Raices,El acta de entrega es el documento final que garantiza que el comprador recibe el inmueble en condiciones pactadas en el contrato.,24.226982,16.630543
187,Bienes_Raices,El seguro de hogar es obligatorio en algunas operaciones hipotecarias gestionadas a través de agentes especializados en bienes raíces.,30.11316,16.743984
188,Bienes_Raices,En la asamblea de copropietarios se discutió la remodelación de áreas comunes y el aumento de la cuota de mantenimiento mensual del edificio.,26.11499,22.517653
189,Bienes_Raices,El sistema de cita previa agiliza las visitas a propiedades programadas por el agente inmobiliario durante los fines de semana.,19.151888,-14.129367
190,Bienes_Raices,"El análisis de mercado inmobiliario local revela tendencias de crecimiento en barrios periféricos, donde aún se ofrecen precios de preventa atractivos.",32.32623,19.85153
191,Bienes_Raices,Los gastos notariales y registrales corren generalmente por cuenta del comprador cuando se realiza la escrituración de la vivienda usada.,26.69121,18.832834
192,Bienes_Raices,La inmobiliaria publicó en su portal nuevas oportunidades de inversión en zonas urbanas con alta demanda de alquiler por estudiantes.,32.198586,18.845938
193,Bienes_Raices,"Para firmar el contrato de arras, ambas partes deben acordar condiciones claras sobre penalizaciones y devoluciones de anticipos.",22.679298,18.018381
194,Bienes_Raices,La gestión documental para el traspaso de una propiedad puede incluir la solicitud de certificados de no adeudo y el pago de impuestos municipales.,27.981094,25.008726
195,Bienes_Raices,"En desarrollos verticales, las áreas comunes suelen incluir gimnasio, salón de eventos y terraza panorámica de uso exclusivo para residentes.",-0.18746428,-14.991167
196,Bienes_Raices,La firma digital de contratos inmobiliarios agiliza los procesos de venta y facilita las transacciones a distancia entre clientes y agentes.,25.530056,13.716154
197,Bienes_Raices,Las subastas públicas de viviendas embargadas representan una opción interesante para compradores que buscan oportunidades de inversión inmobiliaria a bajo costo.,31.161171,18.085943
198,Bienes_Raices,"Antes de mudarse al nuevo departamento, es recomendable realizar una revisión de instalaciones eléctricas y sanitarias, según indica la inmobiliaria encargada.",24.625093,25.538263
199,Bienes_Raices,La consultora inmobiliaria elaboró un informe detallado sobre la rentabilidad de invertir en lotes residenciales dentro de zonas en expansión urbana.,32.4895,19.36949
200,Bienes_Raices,Una correcta valoración inmobiliaria es esencial para determinar el precio justo de oferta en la venta de cualquier tipo de propiedad.,29.523375,17.83022
201,Ciencia,El telescopio detectó exoplanetas orbitando una estrella lejana.,-33.438232,-16.33469
202,Ciencia,La espectroscopía permite analizar la composición química de elementos.,-36.81857,-10.471968
203,Ciencia,Un acelerador de partículas estudia las colisiones subatómicas.,-37.475113,-13.505546
204,Ciencia,La fotosíntesis transforma energía solar en glucosa vegetal.,1.5593383,-34.804794
205,Ciencia,Los neutrinos atraviesan la materia casi sin interactuar.,-37.135277,-14.847506
206,Ciencia,El microscopio electrónico revela detalles celulares minúsculos.,-38.855988,-10.962214
207,Ciencia,El ADN se replica durante la división celular.,-42.305332,-10.472975
208,Ciencia,Los ecosistemas evolucionan por selección natural.,-42.242966,-6.488811
209,Ciencia,El grafeno posee propiedades físicas extraordinarias.,-17.66605,-18.554808
210,Ciencia,La tabla periódica clasifica los elementos por número atómico.,-35.880424,-12.610341
211,Ciencia,La velocidad de la luz es constante en el vacío.,-38.821472,-18.958506
212,Ciencia,Un péndulo simple oscila por acción gravitatoria constante.,-34.768204,-18.733599
213,Ciencia,La paleontología estudia fósiles para reconstruir la vida pasada.,-30.906162,3.1229863
214,Ciencia,Los campos magnéticos inducen corriente eléctrica en conductores.,-36.82146,-16.557753
215,Ciencia,El hidrógeno es el elemento más abundante del universo.,-35.11971,-13.20038
216,Ciencia,Los rayos cósmicos impactan continuamente la atmósfera terrestre.,-34.131096,-15.290898
217,Ciencia,La dinámica de fluidos explica el movimiento de líquidos y gases.,-8.322164,-32.171127
218,Ciencia,La teoría cuántica describe fenómenos a escala atómica y subatómica.,-38.48397,-13.881675
219,Ciencia,El modelo de Bohr revolucionó nuestra visión del átomo.,-39.243427,-13.720738
220,Ciencia,Las placas tectónicas originan terremotos y formación montañosa a gran escala.,-7.7000036,42.12385
221,Ciencia,La biotecnología utiliza organismos vivos para desarrollar métodos innovadores en la agricultura y la industria.,-40.659122,-5.527038
222,Ciencia,Los experimentos de doble rendija demostraron la dualidad onda-partícula de la luz.,-39.02864,-17.45441
223,Ciencia,En criogenia se estudian los comportamientos de materiales a temperaturas extremadamente bajas.,5.324488,-29.751987
224,Ciencia,"El método científico exige hipótesis, experimentación y análisis de resultados replicables.",-37.442505,-7.6104207
225,Ciencia,El genoma humano contiene aproximadamente 20 000 genes codificantes de proteínas.,-43.02669,-9.483408
226,Ciencia,La cromatografía permite separar mezclas complejas en sus componentes individuales con alta precisión analítica.,-36.58647,-9.5032835
227,Ciencia,Los radioisótopos son fundamentales en dataciones de materiales minerales y organismos extintos.,-36.396835,-11.7024765
228,Ciencia,La astrofísica investiga la estructura y evolución de las galaxias en el universo observable.,-33.77114,-17.17569
229,Ciencia,"En óptica, la refracción de la luz causa la descomposición del espectro visible a través de un prisma.",-38.97144,-18.25974
230,Ciencia,La física nuclear examina las interacciones entre protones y neutrones en el núcleo atómico.,-37.217598,-13.333828
231,Ciencia,El descubrimiento de la estructura helicoidal del ADN marcó un hito en la biología molecular moderna.,-42.091255,-10.363477
232,Ciencia,"En la física de materiales, se exploran aleaciones y compuestos para aplicaciones avanzadas en la industria aeroespacial.",-35.145973,-9.450146
233,Ciencia,"Mediante espectroscopia de masas, se identifica la composición isotópica de sustancias desconocidas en investigación forense.",-36.92335,-10.906252
234,Ciencia,La biogeografía estudia la distribución de especies en función de factores abióticos y evolutivos.,-42.271233,-7.036372
235,Ciencia,Los experimentos en microgravedad revelaron cambios fisiológicos en células y tejidos de organismos vivos.,-40.33876,-9.132054
236,Ciencia,El principio de incertidumbre de Heisenberg limita la precisión en la medición simultánea de posición y momento.,-1.4803697,-6.6387873
237,Ciencia,El paleomagnetismo proporciona evidencia sobre la deriva continental y la inversión de polos magnéticos en la Tierra.,-36.24366,-16.786106
238,Ciencia,Las simulaciones computacionales permiten modelar colisiones moleculares para predecir reacciones químicas complejas.,-37.535717,-8.097261
239,Ciencia,"Durante la fermentación, las levaduras transforman glucosa en etanol bajo condiciones anaeróbicas controladas.",-37.540627,-36.3103
240,Ciencia,El microscopio de fuerza atómica permitió visualizar interacciones a escala nanométrica nunca antes observadas.,-38.774487,-11.418457
241,Ciencia,El efecto fotoeléctrico evidenció la cuantización de la energía en la física experimental.,-39.154606,-16.741913
242,Ciencia,El genoma comparativo revela relaciones evolutivas entre especies distantes.,-42.4882,-7.5024166
243,Ciencia,La ley de la gravitación universal describe la interacción entre masas en el universo.,-34.610706,-18.538279
244,Ciencia,Los campos eléctricos influyen en el movimiento de partículas cargadas.,-37.268497,-16.198866
245,Ciencia,El análisis espectral determina la composición de las estrellas remotas.,-33.488243,-16.26146
246,Ciencia,Una reacción endotérmica absorbe energía del entorno.,-41.08053,-15.883979
247,Ciencia,La entropía se incrementa en procesos termodinámicos espontáneos.,-41.740906,-15.108853
248,Ciencia,Los cambios de estado implican transferencia de energía molecular.,-41.131367,-15.064117
249,Ciencia,La electroforesis separa fragmentos de ADN por su tamaño.,-42.19223,-10.987739
250,Ciencia,La precipitación de sales ocurre al mezclar soluciones sobresaturadas.,-7.259556,-32.754784
251,Comida_y_Bebida,El arroz integral necesita más agua para cocinarse.,-13.326582,-46.786728
252,Comida_y_Bebida,Prefiero la tortilla española con cebolla.,-11.709019,-44.03077
253,Comida_y_Bebida,El sushi se sirve tradicionalmente con wasabi.,-12.00322,-46.98983
254,Comida_y_Bebida,¿Cuánto tiempo hierve una langosta?,-9.812272,-35.572952
255,Comida_y_Bebida,"Añade más sal a la sopa, por favor.",-9.318449,-40.849117
256,Comida_y_Bebida,Este vino marida bien con quesos fuertes.,-9.877227,-38.63176
257,Comida_y_Bebida,Corta la cebolla en juliana muy fina.,-10.411293,-43.20933
258,Comida_y_Bebida,¿Tienes mostaza para la hamburguesa?,-12.846356,-44.454933
259,Comida_y_Bebida,El aguacate está en su punto para guacamole.,-6.8200107,-40.80976
260,Comida_y_Bebida,El café recién molido huele delicioso.,-16.808302,-39.475185
261,Comida_y_Bebida,El ceviche lleva jugo de limón fresco.,-6.996143,-42.62631
262,Comida_y_Bebida,Sirve la sopa bien caliente en platos hondos.,-9.396391,-41.04994
263,Comida_y_Bebida,El pastel de chocolate necesita más cacao.,-16.955183,-41.168095
264,Comida_y_Bebida,La paella tradicional lleva mariscos y azafrán.,-10.726758,-41.40276
265,Comida_y_Bebida,¿Prefieres carne asada o pollo al horno?,-12.397043,-42.870705
266,Comida_y_Bebida,El pan integral tiene más fibra alimentaria.,-14.736533,-43.997215
267,Comida_y_Bebida,"Para preparar la masa de pizza, mezcla harina y levadura.",-13.498669,-43.109505
268,Comida_y_Bebida,Las croquetas deben freírse en aceite bien caliente para que queden crujientes.,-14.36811,-40.532482
269,Comida_y_Bebida,Refrigera el tiramisú por al menos ocho horas antes de servirlo frío.,-9.508092,-35.944115
270,Comida_y_Bebida,"Si quieres que la pasta quede al dente, respeta exactamente el tiempo de cocción.",-10.323241,-26.121756
271,Comida_y_Bebida,La carta del restaurante incluye opciones veganas y postres caseros variados.,-9.000494,-46.918385
272,Comida_y_Bebida,"Para intensificar el sabor del guiso, sofríe primero las especias en aceite de oliva.",-14.272967,-39.2864
273,Comida_y_Bebida,"Los champiñones portobello son ideales para rellenar con queso, jamón y hierbas al horno.",-13.889115,-42.176865
274,Comida_y_Bebida,La receta tradicional del mole poblano cuenta con más de veinte ingredientes diferentes.,-10.718692,-45.022675
275,Comida_y_Bebida,"Antes de servir el vino tinto, debes dejarlo airearse durante unos minutos.",-9.702389,-36.80478
276,Comida_y_Bebida,Los nutricionistas aconsejan incluir legumbres en la dieta semanal por su alto contenido proteico.,-16.360939,-44.976616
277,Comida_y_Bebida,"Los tacos al pastor deben servirse acompañados de piña, cebolla y cilantro fresco.",-10.887622,-43.44842
278,Comida_y_Bebida,"Si bates las claras de huevo a punto de nieve, el bizcocho quedará más esponjoso.",-8.01131,-35.14721
279,Comida_y_Bebida,La fermentación del pan ecológico mejora su digestibilidad y sabor artesanal.,-14.727717,-43.5046
280,Comida_y_Bebida,Las ensaladas frescas con aderezo de mostaza y miel son perfectas para el verano.,-5.408431,-42.633865
281,Comida_y_Bebida,"Para hacer pesto, necesitas albahaca, piñones, ajo, parmesano y aceite de oliva virgen extra.",-13.744107,-40.57746
282,Comida_y_Bebida,Los menús degustación suelen incluir varias entradas pequeñas y platos principales creativos.,-8.360005,-47.060905
283,Comida_y_Bebida,El risotto se remueve constantemente para liberar el almidón del arroz y lograr una textura cremosa.,-13.272528,-46.689693
284,Comida_y_Bebida,Las instrucciones del paquete indican hervir la quinoa durante quince minutos exactos.,-10.174507,-35.226833
285,Comida_y_Bebida,El chef recomienda preparar el carpaccio con carne magra y aderezar con aceite trufado.,-12.92916,-41.668076
286,Comida_y_Bebida,"Las sopas frías, como el gazpacho andaluz, son populares en la gastronomía española durante el verano.",-8.583663,-42.20785
287,Comida_y_Bebida,"En muchos países latinoamericanos, el desayuno incluye frutas tropicales recién cortadas y jugos naturales.",-7.321399,-43.66505
288,Comida_y_Bebida,"Para dorar el pollo, utiliza una sartén bien caliente antes de incorporar salsas o verduras.",-11.962706,-42.489906
289,Comida_y_Bebida,El menú de este restaurante cambia según los productos frescos de temporada locales.,-8.226315,-47.03434
290,Comida_y_Bebida,La mantequilla clarificada resiste temperaturas altas y se utiliza mucho en la cocina india tradicional.,-15.00151,-41.61583
291,Comida_y_Bebida,Siempre enjuaga bien las lentejas antes de cocinarlas para eliminar impurezas y evitar sabores amargos.,-12.392747,-38.53506
292,Comida_y_Bebida,"La dieta mediterránea destaca por el uso abundante de aceite de oliva, pescados y verduras frescas.",-13.075047,-39.899464
293,Comida_y_Bebida,"Para preparar pan sin gluten, sustituye la harina de trigo por mezclas especiales de arroz y maíz.",-14.256744,-45.60104
294,Comida_y_Bebida,El proceso de marinar la carne mejora su sabor y la hace más tierna antes de cocinarla a la parrilla.,-12.359673,-41.82162
295,Comida_y_Bebida,Muchos baristas prefieren utilizar leche entera para lograr una espuma más densa en su café latte.,-17.006187,-38.926785
296,Comida_y_Bebida,La cocción al vacío permite mantener jugos y aromas naturales en carnes y pescados delicados.,-12.020613,-40.729763
297,Comida_y_Bebida,Puedes conservar las mermeladas caseras en frascos esterilizados durante varios meses sin perder sabor ni textura.,-12.092299,-37.88305
298,Comida_y_Bebida,Los mercados locales ofrecen una gran variedad de frutas exóticas ideales para preparar ensaladas coloridas.,-7.443677,-44.39952
299,Comida_y_Bebida,El análisis nutricional del yogurt natural muestra un alto contenido de calcio y proteínas saludables.,-16.275373,-45.44951
300,Comida_y_Bebida,"Las especias, como el comino y el cardamomo, son fundamentales para dar identidad a la cocina india típica.",-8.9499855,-44.23693
301,Compras,El carrito de compras ya tiene cinco artículos seleccionados.,18.49098,0.6253439
302,Compras,Busco promociones especiales en tiendas en línea confiables.,17.128698,5.4433045
303,Compras,Quiero comparar precios antes de confirmar mi pedido.,21.24963,3.3390653
304,Compras,¿Aceptan devoluciones sin costo en este establecimiento?,25.566332,20.692339
305,Compras,El ticket de compra incluye el código de barras del producto.,19.771637,-2.68671
306,Compras,Prefiero pagar mis compras con tarjeta de débito.,26.108446,2.6769602
307,Compras,Seleccioné envío exprés para recibirlo mañana.,16.56832,-3.3509712
308,Compras,Agrega ese producto a tu lista de deseos.,17.198574,0.97536874
309,Compras,Revisé opiniones de otros clientes antes de comprar.,19.896542,2.4501374
310,Compras,El código de descuento expira hoy a medianoche.,18.913149,-5.4041276
311,Compras,El stock de ese modelo está agotado temporalmente.,39.57461,8.079655
312,Compras,Solicita factura electrónica después de tu compra.,23.589596,3.8601594
313,Compras,Es obligatorio revisar la política de cambios previa.,24.147924,26.649643
314,Compras,Elegí la opción de recogida en tienda física.,19.973131,1.1104912
315,Compras,El sistema mostró una alerta por artículo sin inventario.,16.08466,-5.2594714
316,Compras,Verifica siempre los términos de la garantía al comprar.,2.3910832,16.332846
317,Compras,Escaneé el código QR para recibir una oferta exclusiva en la aplicación y aproveché un descuento inmediato en la caja.,19.197912,-2.2106044
318,Compras,Las tiendas online suelen enviar notificaciones cuando hay cambios en el estado de entrega de tus pedidos.,19.862808,5.2538137
319,Compras,"El carrito virtual de la página web permite modificar cantidades, colores y características antes de finalizar la compra.",24.369972,-0.20516379
320,Compras,"Antes de completar la transacción, asegúrate de que el sitio tenga un certificado de seguridad vigente.",22.361757,10.449695
321,Compras,Muchas plataformas e-commerce ofrecen la opción de pago a meses sin intereses para compras superiores a cierto monto.,23.591293,1.8568599
322,Compras,El historial de pedidos facilita el seguimiento de compras anteriores y la posibilidad de repetir encargos frecuentes.,21.81658,5.0118313
323,Compras,Las alertas de bajada de precio te avisan cuando el producto que sigues tiene descuento.,19.843264,4.813947
324,Compras,"Para obtener envío gratis, el valor del pedido debe superar el monto mínimo establecido por la tienda.",22.295639,1.3405471
325,Compras,Es recomendable leer reseñas de otros compradores para evitar malas experiencias o productos defectuosos.,19.321138,2.8952296
326,Compras,Solicité la cancelación de mi pedido porque el sistema mostró una fecha de entrega muy lejana.,16.532967,-5.692067
327,Compras,El comprobante de pago fue enviado automáticamente al correo registrado tras completar la operación.,25.201094,6.577565
328,Compras,"Algunas tiendas físicas aceptan devoluciones de compras realizadas en línea, pero exigen llevar el recibo digital.",24.231153,2.0397153
329,Compras,"El programa de lealtad acumula puntos con cada compra realizada, que luego puedes canjear por recompensas.",5.7015715,-0.15678295
330,Compras,"Para aplicar un cupón digital, introduce el código al momento de revisar tu carrito de compras.",24.699894,3.8454177
331,Compras,"La sección de ""Ofertas Flash"" cambia productos con descuentos importantes cada pocas horas en el portal.",18.441236,5.9893813
332,Compras,"Si al recibir el pedido falta algún artículo, contacta al servicio de atención al cliente para aclararlo.",13.007792,6.1233435
333,Compras,El proceso de check-out solicita datos de envío y método de pago antes de concluir la compra.,23.27134,5.0364966
334,Compras,Es común recibir encuestas de satisfacción después de finalizar una transacción en línea o en tienda.,20.770657,5.6836233
335,Compras,Algunas aplicaciones móviles de compras permiten escanear productos en tienda y añadirlos automáticamente al pedido virtual.,24.338327,-0.82943654
336,Compras,"Durante las temporadas de descuentos, como el Black Friday o el Buen Fin, los consumidores suelen comparar cuidadosamente precios entre diferentes plataformas antes de realizar una compra importante.",20.790865,3.883634
337,Compras,Solicité una devolución porque la talla seleccionada en la tienda online no coincidía con la guía de medidas publicada en la descripción del producto adquirido.,21.078085,-0.5328335
338,Compras,"Opté por pagar mediante transferencia bancaria, pues el sistema de la tienda en línea ofrece bonificaciones adicionales para compras realizadas con este método de pago específico.",24.894825,2.382369
339,Compras,"Aunque el envío urgente implica un costo mayor, preferí recibir mis artículos comprados en menos de cuarenta y ocho horas por cuestiones de comodidad y disponibilidad.",21.755508,1.3119886
340,Compras,"Solicité asesoría al servicio de chat en vivo antes de comprar, porque tenía dudas respecto a la compatibilidad del producto electrónico con otros dispositivos que tengo en casa.",25.50834,-13.440081
341,Compras,"La función de favoritos permite guardar productos interesantes, por si decido agregarlos a mi carrito de compras en una próxima visita.",18.465322,1.2852799
342,Compras,"Al buscar promociones especiales, reviso diferentes plataformas online para aprovechar descuentos acumulables o códigos exclusivos que aparecen solo ciertos días del mes.",17.713934,5.149284
343,Compras,"Antes de realizar el pago final, verifiqué cuidadosamente las condiciones de devolución y cambio de mercancía para evitar inconvenientes posteriores.",23.10069,6.116458
344,Compras,"Tras completar la compra, la tienda envió una guía de rastreo para monitorear la ubicación exacta de mi paquete hasta su destino final en tiempo real.",24.047867,5.091516
345,Compras,"Utilizando el filtro de precios, logré encontrar los productos con mejor relación calidad-precio disponibles actualmente en el catálogo de la tienda virtual.",23.632618,-0.56645226
346,Compras,"Debido a una confusión en la selección del color, contacté al soporte de ventas y logré modificar mi pedido antes del embalaje definitivo del producto solicitado.",20.395412,0.020580184
347,Compras,Las aplicaciones de compras notifican automáticamente la llegada de nuevos lanzamientos o ediciones limitadas que podrían interesar a los usuarios registrados con preferencias específicas.,18.827793,4.4378633
348,Compras,"El comprobante fiscal digital se descarga en formato PDF justo después del cobro, lo cual me resulta útil para organizar mis compras anuales.",25.516645,4.5102906
349,Compras,"Cuando aparecen ofertas exclusivas solo por tiempo limitado, reviso el newsletter de la tienda para no perder promociones relevantes antes de comprar.",17.948471,4.2496185
350,Compras,Prefiero las plataformas donde el sistema de comentarios permite identificar rápidamente vendedores confiables y los productos mejor calificados por otros compradores experimentados.,16.49897,5.9352627
351,Computadoras_y_Electronica,Reinicia el módem para restablecer la conexión a Internet.,38.308468,-13.241414
352,Computadoras_y_Electronica,El disco duro SSD mejora mucho la velocidad del sistema.,13.574979,-12.185454
353,Computadoras_y_Electronica,Instala el antivirus antes de descargar archivos desconocidos.,34.326347,-20.17699
354,Computadoras_y_Electronica,El teclado mecánico tiene retroiluminación RGB ajustable.,0.8328858,-19.338055
355,Computadoras_y_Electronica,Usa el puerto HDMI para conectar el monitor externo.,30.463554,-17.405106
356,Computadoras_y_Electronica,El procesador Intel Core i7 soporta multitarea avanzada.,10.246717,-11.183952
357,Computadoras_y_Electronica,Programar en Python facilita la automatización de tareas.,9.901393,-6.563357
358,Computadoras_y_Electronica,El router WiFi6 ofrece mayor cobertura en casa.,36.284878,-10.563449
359,Computadoras_y_Electronica,La impresora láser utiliza tóner en lugar de tinta.,-13.661544,-18.152803
360,Computadoras_y_Electronica,El sistema operativo Windows pide actualizaciones frecuentes.,11.47729,-7.4915485
361,Computadoras_y_Electronica,Una placa base defectuosa puede impedir el arranque del PC.,9.346146,-13.832845
362,Computadoras_y_Electronica,La Raspberry Pi permite crear proyectos electrónicos caseros.,0.96509755,7.5935535
363,Computadoras_y_Electronica,Las tarjetas gráficas NVIDIA RTX soportan trazado de rayos.,-12.062289,-14.863544
364,Computadoras_y_Electronica,Instala memoria RAM adicional para mejorar el rendimiento.,12.297937,-11.81841
365,Computadoras_y_Electronica,El cable USB-C transmite energía y datos simultáneamente.,30.943592,-14.909811
366,Computadoras_y_Electronica,Descarga el controlador correcto para que funcione el dispositivo.,2.4667406,-21.294424
367,Computadoras_y_Electronica,El firewall protege la red del hogar frente a accesos no autorizados.,38.11271,-9.681456
368,Computadoras_y_Electronica,La batería del portátil mantiene el equipo encendido sin corriente directa.,3.3556333,-22.124908
369,Computadoras_y_Electronica,El software de edición fotográfica requiere una tarjeta gráfica potente.,-12.734507,-15.354039
370,Computadoras_y_Electronica,Configura la BIOS para establecer el orden de arranque del equipo.,-40.365158,-5.1331134
371,Computadoras_y_Electronica,El monitor ultrawide permite trabajar con varias ventanas al mismo tiempo.,29.936436,-17.665756
372,Computadoras_y_Electronica,Descifrar contraseñas WiFi sin autorización es una práctica ilegal.,37.083,-6.9829755
373,Computadoras_y_Electronica,El ventilador interno evita que la temperatura del procesador suba peligrosamente.,1.0271354,-24.372467
374,Computadoras_y_Electronica,"La impresora multifunción puede escanear, copiar y enviar documentos por fax.",-13.51361,-17.678905
375,Computadoras_y_Electronica,Los discos duros externos son ideales para respaldar información sensible o voluminosa.,32.984222,-19.177685
376,Computadoras_y_Electronica,El reconocimiento facial utiliza inteligencia artificial para desbloquear dispositivos electrónicos personales.,4.223523,-11.129938
377,Computadoras_y_Electronica,El lenguaje de programación JavaScript es esencial para el desarrollo web moderno.,33.769592,-4.8696413
378,Computadoras_y_Electronica,Los sistemas de almacenamiento NAS permiten compartir archivos entre varios dispositivos conectados a la red.,31.64926,-17.89353
379,Computadoras_y_Electronica,Instalar una tarjeta de sonido dedicada mejora notablemente la experiencia de audio en juegos y películas.,-16.854193,-1.3462279
380,Computadoras_y_Electronica,Los teclados inalámbricos necesitan conectar el receptor USB al computador antes de ser usados.,32.005856,-15.434158
381,Computadoras_y_Electronica,Los relojes inteligentes miden la actividad física y reciben notificaciones del teléfono móvil.,23.17319,-10.470302
382,Computadoras_y_Electronica,Muchos televisores inteligentes tienen sistemas operativos que permiten descargar aplicaciones directamente desde la tienda virtual.,24.679022,-2.1285667
383,Computadoras_y_Electronica,La tableta gráfica se utiliza principalmente para realizar ilustraciones digitales y edición fotográfica profesional.,-13.076169,-15.7291565
384,Computadoras_y_Electronica,Los discos duros de estado sólido consumen menos energía y generan menos calor que los discos tradicionales.,5.402668,-29.709824
385,Computadoras_y_Electronica,"Para resolver el error 'Pantalla azul de la muerte', primero revisa las actualizaciones de los drivers y la compatibilidad del hardware instalado en tu computadora.",9.359618,-15.602992
386,Computadoras_y_Electronica,"Los programadores suelen emplear entornos de desarrollo integrados, como Visual Studio Code o Eclipse, para escribir, depurar y probar aplicaciones de software complejas.",8.743902,-5.508102
387,Computadoras_y_Electronica,"Ajustar la velocidad de reloj de la CPU mediante overclocking puede mejorar el rendimiento del equipo, pero también genera más calor y puede causar inestabilidad en el sistema.",9.541834,-11.328401
388,Computadoras_y_Electronica,"Los teléfonos inteligentes incluyen sensores como giroscopios, acelerómetros y brújulas digitales que permiten funciones avanzadas en aplicaciones de realidad aumentada.",23.243303,-10.421288
389,Computadoras_y_Electronica,"Para instalar una distribución GNU/Linux en una máquina virtual necesitas crear una imagen ISO, configurar la cantidad de RAM y asignar un espacio de almacenamiento virtual adecuado.",24.805754,-3.1496775
390,Computadoras_y_Electronica,"Los enrutadores modernos ofrecen configuraciones avanzadas de seguridad, incluyendo control parental, filtrado de direcciones MAC y redes de invitados separadas de la red principal.",35.975174,-8.566396
391,Computadoras_y_Electronica,"Las impresoras 3D funcionan extruyendo materiales plásticos capa por capa, siguiendo modelos digitales creados en software de diseño asistido por computadora.",-13.516147,-17.444508
392,Computadoras_y_Electronica,La memoria RAM tipo DDR4 ofrece mayor ancho de banda y eficiencia energética en comparación con generaciones anteriores utilizadas en computadoras de escritorio y portátiles recientes.,12.48929,-11.906738
393,Computadoras_y_Electronica,Es recomendable realizar copias de seguridad automáticas en la nube para proteger documentos importantes frente a fallos del disco duro o ataques de ransomware en entornos informáticos.,33.95388,-19.79003
394,Computadoras_y_Electronica,"Un microcontrolador es un circuito integrado programable que se utiliza para automatizar procesos electrónicos simples, como el encendido de luces o la lectura de sensores digitales.",0.9916735,-22.204536
395,Computadoras_y_Electronica,"El protocolo Bluetooth permite la transmisión inalámbrica de datos entre dispositivos electrónicos compatibles a corta distancia, facilitando la conexión de periféricos como auriculares o teclados.",32.506756,-13.902856
396,Computadoras_y_Electronica,Montar una red local con dirección IP estática facilita la administración de dispositivos electrónicos en oficina y evita conflictos de asignación automática por DHCP.,33.911182,-11.192485
397,Computadoras_y_Electronica,"Los sistemas operativos móviles, como Android e iOS, gestionan recursos del teléfono, actualizan aplicaciones automáticamente y permiten instalar widgets en la pantalla de inicio.",24.161427,-10.008156
398,Computadoras_y_Electronica,El usuario debe revisar la configuración avanzada del firewall para habilitar el acceso remoto seguro a servidores a través del protocolo SSH en redes empresariales.,38.215797,-9.614472
399,Computadoras_y_Electronica,"Utilizar comandos en la terminal facilita la automatización de tareas repetitivas, como mover lotes de archivos o instalar programas desde repositorios en sistemas Unix.",10.282143,-6.8394322
400,Computadoras_y_Electronica,"La programación orientada a objetos estructura el software en clases y objetos, facilitando la reutilización de código y el mantenimiento de sistemas informáticos complejos.",8.830864,-5.5798044
401,Comunidades_En_Linea,Únete a nuestro grupo de discusión en la plataforma digital.,9.2725725,12.875638
402,Comunidades_En_Linea,Los moderadores cerraron el hilo por incumplir las normas.,17.80324,-6.966911
403,Comunidades_En_Linea,El foro permite compartir recursos sobre redes colaborativas.,10.331591,9.591662
404,Comunidades_En_Linea,Publica tu pregunta en el canal de ayuda de la comunidad.,12.355947,13.08666
405,Comunidades_En_Linea,Los usuarios votaron el comentario más útil del thread.,13.329562,8.785998
406,Comunidades_En_Linea,Los administradores revisan reportes de contenido ofensivo.,17.191835,35.296192
407,Comunidades_En_Linea,¿Ya actualizaste tu perfil en la red social del grupo?,13.513632,15.983464
408,Comunidades_En_Linea,El chat de miembros está disponible las veinticuatro horas.,5.778062,13.5095825
409,Comunidades_En_Linea,El hashtag del evento conecta a los participantes online.,11.753282,15.02357
410,Comunidades_En_Linea,Verifica tu cuenta antes de participar en el foro.,16.88262,9.219543
411,Comunidades_En_Linea,El feed del grupo muestra publicaciones recientes.,11.442333,19.37215
412,Comunidades_En_Linea,Los seguidores pueden reaccionar a tus posts públicos.,13.113496,15.225858
413,Comunidades_En_Linea,La plataforma notificó nuevos mensajes privados.,16.960516,14.401364
414,Comunidades_En_Linea,Los usuarios colaboran editando documentos en línea.,9.951444,8.367357
415,Comunidades_En_Linea,El algoritmo recomienda comunidades afines a tus intereses.,12.645451,11.88497
416,Comunidades_En_Linea,Comparte tu experiencia en la sección de testimonios virtuales.,3.6568882,10.383768
417,Comunidades_En_Linea,Los miembros deben respetar las reglas de interacción digital.,8.910266,12.058551
418,Comunidades_En_Linea,El panel de discusión se actualizó con los últimos debates de usuarios.,7.9207754,14.369867
419,Comunidades_En_Linea,Los administradores gestionan el acceso a las salas virtuales de la comunidad.,6.414241,10.040648
420,Comunidades_En_Linea,Puedes mencionar a otros usuarios para invitarlos al hilo.,12.421672,10.028023
421,Comunidades_En_Linea,El canal de soporte responde consultas sobre el funcionamiento del foro.,11.663224,8.848345
422,Comunidades_En_Linea,El grupo de aficionados interactúa mediante publicaciones en la plataforma social.,12.615318,15.36701
423,Comunidades_En_Linea,La revisión de perfiles es obligatoria antes de otorgar privilegios de moderación.,22.235386,25.665066
424,Comunidades_En_Linea,Los usuarios crean encuestas para conocer opiniones de la comunidad.,12.911654,12.392331
425,Comunidades_En_Linea,La funcionalidad de etiquetado facilita encontrar temas relevantes en el foro.,14.318816,10.736281
426,Comunidades_En_Linea,El equipo de moderadores organiza sesiones de bienvenida digital para los nuevos miembros.,5.8077188,12.472934
427,Comunidades_En_Linea,Puedes bloquear usuarios que infrinjan las políticas del espacio colaborativo.,17.519012,12.744133
428,Comunidades_En_Linea,El sistema registra actividad reciente en los tableros de discusión virtual.,7.7818274,13.828776
429,Comunidades_En_Linea,Los comentarios destacados aparecen al principio del feed comunitario.,11.441487,19.261976
430,Comunidades_En_Linea,El grupo utiliza videollamadas para coordinar proyectos en línea entre miembros.,7.8499427,8.431394
431,Comunidades_En_Linea,El acceso al chat grupal requiere verificación de identidad digital.,8.507126,11.770352
432,Comunidades_En_Linea,Los administradores gestionan las solicitudes de ingreso a la plataforma colaborativa.,6.5662827,11.056812
433,Comunidades_En_Linea,Los usuarios pueden suscribirse a alertas sobre nuevas publicaciones en el foro.,15.267857,9.344567
434,Comunidades_En_Linea,La sección de anuncios informa cambios importantes en la estructura de la red social.,12.190535,16.170336
435,Comunidades_En_Linea,El panel de configuración permite personalizar preferencias dentro de la comunidad online.,12.8011,11.350845
436,Comunidades_En_Linea,Se discute el reglamento interno a través de mensajes privados entre usuarios.,17.001919,14.2683115
437,Comunidades_En_Linea,Puedes seguir temáticas específicas usando etiquetas en la plataforma comunitaria.,13.873846,11.05585
438,Comunidades_En_Linea,El sistema de reputación premia la participación activa en debates digitales.,9.699979,13.260012
439,Comunidades_En_Linea,El grupo internacional mantiene reuniones virtuales por videoconferencia en la red.,7.6062074,8.458963
440,Comunidades_En_Linea,Los participantes pueden compartir enlaces relevantes en el muro digital de la comunidad.,10.281069,11.042957
441,Comunidades_En_Linea,La colaboración entre usuarios ocurre en espacios de trabajo compartidos online.,9.688376,9.328247
442,Comunidades_En_Linea,La funcionalidad de comentarios permite retroalimentación directa entre miembros en tiempo real.,14.07897,8.396067
443,Comunidades_En_Linea,El proceso de registro solicita datos para integrar el perfil al ecosistema comunitario digital.,10.967145,11.488114
444,Comunidades_En_Linea,Las comunidades en línea organizan debates abiertos sobre temas de interés colectivo.,10.304085,13.798122
445,Comunidades_En_Linea,El sistema de votaciones públicas decide la priorización de proyectos colaborativos.,16.426989,29.580093
446,Comunidades_En_Linea,Los usuarios acceden a recursos exclusivos mediante grupos privados en la plataforma.,16.646872,13.360996
447,Comunidades_En_Linea,El canal de sugerencias promueve mejoras en la estructura de la comunidad virtual.,8.284605,10.343591
448,Comunidades_En_Linea,Los administradores habilitan eventos interactivos en foros para fomentar participación.,6.548346,11.0074
449,Comunidades_En_Linea,La gestión de roles asigna permisos específicos a cada usuario dentro de la red social.,15.295019,12.921626
450,Comunidades_En_Linea,El historial de actividad muestra contribuciones de miembros en el entorno digital compartido.,9.603378,10.795871
451,Deportes,Lionel Messi anotó dos goles en el partido de ayer.,-11.871106,5.205452
452,Deportes,El estadio se llenó para la final de baloncesto.,-8.005613,0.279845
453,Deportes,Rafael Nadal ganó el torneo de Roland Garros otra vez.,-13.333336,5.9130545
454,Deportes,El árbitro mostró la tarjeta roja al defensor.,-11.237152,1.5345896
455,Deportes,El maratón de Boston exige gran preparación física.,-1.480285,-9.256876
456,Deportes,La selección nacional entrenó intensamente para el Mundial.,-5.332288,-5.76298
457,Deportes,Los corredores usaron zapatillas especiales para la pista.,-1.1276364,-10.308322
458,Deportes,El boxeador esquivó el golpe con agilidad sorprendente.,-11.977136,0.29197592
459,Deportes,Los jugadores calentaron antes del inicio del encuentro.,-6.4425707,-0.8396692
460,Deportes,La raqueta de tenis se rompió durante el segundo set.,-11.0298815,-6.9378996
461,Deportes,El ciclista alcanzó la meta tras cinco horas de competencia.,-4.167796,-11.819556
462,Deportes,El equipo cambió su formación táctica tras el descanso.,-7.3357635,-4.801849
463,Deportes,El portero atajó el penalti decisivo en el minuto noventa.,-10.646791,-0.79933673
464,Deportes,El entrenador ordenó realizar ejercicios de resistencia muscular.,-7.35032,-7.737578
465,Deportes,La tabla de posiciones muestra al club líder en la liga.,-5.446278,-2.7127376
466,Deportes,El velocista batió el récord nacional en 100 metros.,-10.959169,-1.302962
467,Deportes,¿Cuántos puntos suma ese triple desde la línea exterior?,1.7710176,-5.7606664
468,Deportes,El campeonato de voleibol reúne a equipos internacionales todos los años.,-3.8392956,-2.6003206
469,Deportes,Los alpinistas lograron la cima tras una dura expedición deportiva.,-2.7550838,-12.68192
470,Deportes,La natación sincronizada exige coordinación perfecta entre las atletas.,-3.130057,-10.12404
471,Deportes,El lanzamiento de jabalina requiere técnica y fuerza muscular específica.,-4.1179347,-7.85599
472,Deportes,La prensa deportiva entrevistó al capitán después del partido.,-8.609882,5.033626
473,Deportes,El receptor atrapó el pase en la zona de anotación durante el touchdown.,-9.717327,-1.100097
474,Deportes,El fisioterapeuta recomendó ejercicios de rehabilitación para la lesión del tenista.,-10.361765,-8.333994
475,Deportes,Las pruebas clasificatorias determinarán qué atletas competirán en los Juegos Olímpicos de París.,-0.32309502,-8.798992
476,Deportes,El circuito de Fórmula 1 en Monza es famoso por su velocidad y curvas exigentes para los pilotos.,9.277447,-22.433973
477,Deportes,El club deportivo presentó su nueva equipación con colores tradicionales antes del inicio de temporada.,-6.5992937,-2.2292678
478,Deportes,La ruta de la media maratón incluye desniveles que pondrán a prueba la resistencia de los corredores.,-1.0808704,-10.014309
479,Deportes,Los jueces revisaron la repetición para confirmar si el balón había cruzado la línea de gol.,-9.550694,1.8654315
480,Deportes,La ceremonia de premiación se realizará una hora después de la final del torneo internacional.,-11.6988,8.430321
481,Deportes,"El delantero sufrió una lesión muscular, por lo que el cuerpo técnico ajustará la estrategia para el siguiente partido.",-7.368722,-4.988979
482,Deportes,La cancha de césped sintético permite que los equipos entrenen durante todo el año sin interrupciones climáticas.,-0.7475526,-31.205587
483,Deportes,"Los clavados de plataforma requieren precisión, control corporal y concentración durante todo el salto.",-3.4163258,-8.048538
484,Deportes,"La competencia de triatlón combina natación, ciclismo y carrera en un solo evento exigente.",-3.2686262,-10.582733
485,Deportes,El juez de línea señaló fuera de juego antes de la anotación del equipo visitante en el clásico regional.,-9.923095,1.2611682
486,Deportes,El club organizó un campus de verano para jóvenes promesas del balonmano y otros deportes de equipo.,-4.305446,-4.0976243
487,Deportes,El entrenador utilizó videos de partidos anteriores para corregir errores tácticos antes de la semifinal.,-8.588943,2.0607655
488,Deportes,El grupo de atletas realizó sesiones de fisioterapia tras completar la etapa más dura de la competición ciclista.,-4.450901,-11.486731
489,Deportes,Las gradas vibraron con la ovación del público por la victoria de la selección nacional en el campeonato continental.,-13.970674,5.8805184
490,Deportes,"Durante la pretemporada, los futbolistas siguen rutinas estrictas de preparación física y técnica para mejorar su rendimiento.",-5.790011,-6.8066473
491,Deportes,El comité organizador anunció estrictos protocolos antidopaje para garantizar la transparencia en el desarrollo del evento deportivo internacional.,4.424623,19.47061
492,Deportes,"El partido fue suspendido debido a condiciones meteorológicas adversas, según el reglamento oficial de la federación.",17.111794,-7.3946137
493,Deportes,El club fichó a una nueva delantera estrella para reforzar el plantel y aspirar al título liguero esta temporada.,-5.8026457,-2.8511856
494,Deportes,"El lanzamiento de disco es una disciplina que combina fuerza, técnica y coordinación motriz entre los atletas participantes.",-4.1290827,-7.1754084
495,Deportes,Los árbitros revisaron la jugada polémica utilizando el sistema de videoarbitraje para tomar una decisión justa en la liga profesional.,-9.251625,2.3715181
496,Deportes,Los relevos de atletismo requieren sincronización perfecta al pasar el testigo entre los velocistas en la pista.,-1.9719543,-9.885851
497,Deportes,"La recuperación postcompetición incluye estiramientos, crioterapia y supervisión médica para optimizar el regreso al entrenamiento intenso.",-10.313123,-9.619776
498,Deportes,El entrenador diseñó una rutina de ejercicios de alta intensidad para mejorar la capacidad aeróbica de los jugadores titulares y suplentes.,-7.003755,-7.688242
499,Deportes,El seleccionador nacional publicó la lista oficial de convocados para enfrentar los próximos partidos clasificatorios rumbo al Mundial.,-2.0909493,-3.8858278
500,Deportes,Los deportistas adaptan sus planes nutricionales y rutinas de entrenamiento según las exigencias específicas de cada disciplina competitiva en el calendario anual.,-5.7344785,-7.4835825
501,Empleos_y_Educacion,El examen de admisión será el próximo lunes a las nueve.,-16.95443,22.862812
502,Empleos_y_Educacion,El profesor explicó la teoría durante la clase virtual hoy.,3.8806543,9.068015
503,Empleos_y_Educacion,Solicité una beca para continuar mis estudios universitarios.,-13.974598,30.49713
504,Empleos_y_Educacion,Los estudiantes entregaron el trabajo final de historia ayer.,-16.826561,25.407764
505,Empleos_y_Educacion,El currículo de ingeniería está bien estructurado y actualizado.,-9.385593,30.006516
506,Empleos_y_Educacion,Ana recibió el diploma de posgrado en educación especial.,-16.29807,29.09902
507,Empleos_y_Educacion,Mi currículum vitae necesita ser actualizado este mes.,-10.70528,31.616234
508,Empleos_y_Educacion,Consulté ofertas de empleo para docentes en primaria.,-13.002439,27.019629
509,Empleos_y_Educacion,El rector felicitó a los mejores promedios académicos.,-16.56581,27.001484
510,Empleos_y_Educacion,Suspender una asignatura requiere repetir el semestre completo.,-11.943212,31.985363
511,Empleos_y_Educacion,El aula virtual permite acceder a materiales interactivos.,3.9447398,8.985213
512,Empleos_y_Educacion,Los créditos académicos son necesarios para graduarse.,-14.81491,29.666653
513,Empleos_y_Educacion,Presenté mi tesis ante el comité evaluador hoy.,2.6479414,24.01543
514,Empleos_y_Educacion,El horario escolar se actualizó por reformas educativas.,-9.740439,31.460201
515,Empleos_y_Educacion,Aprender inglés facilita conseguir empleo en el extranjero.,-19.342003,29.192713
516,Empleos_y_Educacion,La bibliografía recomendada por el docente es obligatoria.,-16.007915,31.61475
517,Empleos_y_Educacion,La orientación vocacional ayuda a los jóvenes a elegir correctamente su futura carrera profesional.,-11.930701,25.587479
518,Empleos_y_Educacion,La maestra de matemáticas ofreció clases extra para quienes necesitaban reforzar conocimientos antes del examen final.,-15.228034,24.603224
519,Empleos_y_Educacion,Los estudiantes de medicina deben cumplir con prácticas hospitalarias supervisadas durante el quinto año de la carrera.,-26.336527,-29.977898
520,Empleos_y_Educacion,El programa de intercambio académico permite estudiar un semestre completo en una universidad extranjera.,-18.712711,28.917805
521,Empleos_y_Educacion,La capacitación docente sobre nuevas metodologías pedagógicas comenzó esta semana en el auditorio principal.,-14.22902,23.960833
522,Empleos_y_Educacion,El director del colegio presentó los resultados de las pruebas estandarizadas a padres y docentes en la última reunión.,-15.632434,25.701567
523,Empleos_y_Educacion,Debemos entregar el informe de prácticas profesionales sellado por la empresa antes del cierre de semestre.,7.805077,20.444921
524,Empleos_y_Educacion,El portal de empleo universitario publica diariamente nuevas vacantes para egresados y alumnos.,-7.692159,27.741806
525,Empleos_y_Educacion,El proceso de inscripción a la maestría exige documentos traducidos y certificados apostillados oficialmente.,19.382017,26.448977
526,Empleos_y_Educacion,La biblioteca central ofrece talleres gratuitos de técnicas de estudio y redacción académica.,-20.397196,23.505713
527,Empleos_y_Educacion,El coordinador de carrera organiza ferias laborales donde exalumnos comparten experiencias profesionales con los actuales estudiantes.,-10.812728,26.499924
528,Empleos_y_Educacion,La inscripción al taller de orientación laboral estará abierta hasta el viernes al mediodía.,-17.048546,22.322506
529,Empleos_y_Educacion,Es obligatorio aprobar los exámenes de suficiencia lingüística para acceder al programa de doctorado.,-15.3529825,30.506432
530,Empleos_y_Educacion,La charla sobre opciones de becas internacionales será transmitida en línea el próximo miércoles.,9.34269,15.08712
531,Empleos_y_Educacion,La revisión curricular incluyó la actualización de contenidos digitales y talleres prácticos en cada asignatura.,-10.52647,30.360777
532,Empleos_y_Educacion,El proceso de selección docente incluye pruebas psicométricas y una clase demostrativa.,-13.82393,25.493116
533,Empleos_y_Educacion,El acta de titulación debe ser firmada por todos los integrantes del jurado académico.,-16.781961,31.008097
534,Empleos_y_Educacion,Los cursos de actualización profesional son un requisito anual para la renovación de la licencia docente.,-10.449765,31.00688
535,Empleos_y_Educacion,El seminario internacional de educación inclusiva contará con expertos en pedagogía y adaptación curricular de diferentes países latinoamericanos.,-18.390055,28.164553
536,Empleos_y_Educacion,"Para postular al cargo de coordinador académico, se exige experiencia previa en gestión educativa y dominio avanzado de inglés.",-12.124302,27.487156
537,Empleos_y_Educacion,La formación dual combina actividades prácticas en empresas con clases teóricas en el centro de formación profesional.,-11.421255,23.506742
538,Empleos_y_Educacion,Los aspirantes al doctorado en ciencias sociales deben presentar un proyecto de investigación original avalado por la universidad de origen.,-13.567328,29.255686
539,Empleos_y_Educacion,El programa de mentoría entre egresados y estudiantes tiene como objetivo fortalecer la inserción laboral de los recién graduados.,-11.871912,26.039991
540,Empleos_y_Educacion,"Durante la feria universitaria, los orientadores expusieron las diferencias entre carreras técnicas, licenciaturas y posgrados.",-10.749466,24.895342
541,Empleos_y_Educacion,El reglamento institucional establece criterios claros sobre la validación de asignaturas y el reconocimiento de créditos externos.,19.468649,28.798363
542,Empleos_y_Educacion,"Tras completar el servicio social obligatorio, los alumnos reciben una constancia académica firmada por la institución educativa.",-15.791381,28.560614
543,Empleos_y_Educacion,"La convocatoria de prácticas internacionales contempla apoyo económico para cubrir alojamiento, transporte y seguro durante la estancia formativa.",21.014214,-19.669477
544,Empleos_y_Educacion,"El módulo de evaluación del desempeño docente incluye retroalimentación de alumnos, observaciones de clases y autoevaluación sistematizada.",-14.810355,26.241322
545,Empleos_y_Educacion,Los ingenieros recién titulados suelen acceder a programas de inserción profesional en empresas del sector tecnológico asociados a la universidad.,-9.632118,24.163568
546,Empleos_y_Educacion,La red de egresados mantiene actualizada una bolsa de trabajo exclusiva para antiguos alumnos de la facultad.,-7.656751,27.804852
547,Empleos_y_Educacion,En el aula magna se realizó el acto oficial de entrega de títulos universitarios a la promoción de este año.,-15.153812,28.89468
548,Empleos_y_Educacion,El sistema de acreditación garantiza que el plan de estudios cumple con los estándares nacionales de calidad educativa.,-15.462863,27.695433
549,Empleos_y_Educacion,Los talleres de orientación vocacional ofrecen pruebas psicométricas y asesoría personalizada a los jóvenes de último año de secundaria.,-12.644319,25.57607
550,Empleos_y_Educacion,La autoevaluación institucional es fundamental para la mejora continua de los procesos educativos y la actualización de los programas académicos.,-14.552688,27.235634
551,Finanzas,El banco aplicó una tasa de interés variable.,33.834267,7.508204
552,Finanzas,El fondo mutuo se especializa en renta fija.,34.61792,11.195229
553,Finanzas,La liquidez es esencial en una cartera diversificada.,35.187946,9.916121
554,Finanzas,El ahorro sistemático favorece el crecimiento patrimonial.,34.286648,13.125403
555,Finanzas,El seguro de vida protege frente a riesgos financieros.,31.885931,12.158286
556,Finanzas,El mercado bursátil abrió con una tendencia alcista.,40.93564,10.96455
557,Finanzas,Los dividendos se distribuyeron trimestralmente.,39.669167,16.542109
558,Finanzas,El asesor financiero recomendó diversificar activos.,35.97372,10.480329
559,Finanzas,El índice Dow Jones subió un 2%.,37.943398,18.93808
560,Finanzas,La planificación fiscal optimiza la carga tributaria.,30.033415,26.220745
561,Finanzas,El crédito hipotecario exige análisis de solvencia.,30.530144,14.556471
562,Finanzas,La inflación afecta el poder adquisitivo del dinero.,41.34509,13.090915
563,Finanzas,El capital inicial fue invertido en bonos corporativos.,38.0091,7.5868044
564,Finanzas,La rentabilidad depende del perfil de riesgo.,37.497833,12.608203
565,Finanzas,El presupuesto mensual debe incluir gastos imprevistos.,31.790373,9.485357
566,Finanzas,El saldo de la cuenta corriente refleja movimientos diarios.,30.016445,6.319197
567,Finanzas,El plan de inversión busca maximizar retornos y minimizar riesgos mediante la selección estratégica de instrumentos financieros adecuados para cada perfil.,35.65629,12.533113
568,Finanzas,El cálculo del valor presente neto facilita decisiones sobre proyectos de inversión y permite comparar alternativas financieras de manera objetiva.,36.05232,13.584537
569,Finanzas,"El seguro de autos puede incluir cobertura financiera para daños materiales, responsabilidad civil y asistencia legal según el contrato suscrito.",27.95357,11.441193
570,Finanzas,"Los ahorros para la jubilación se invierten frecuentemente en productos financieros como fondos de pensiones, renta fija o planes privados de retiro.",33.762882,12.985578
571,Finanzas,El rendimiento anual de los fondos indexados depende de la evolución del mercado y la composición del portafolio elegido por el inversor.,38.893135,12.061759
572,Finanzas,"Las transferencias electrónicas permiten mover recursos entre cuentas bancarias rápidamente, optimizando la gestión financiera y evitando demoras innecesarias en transacciones.",31.572456,4.5970726
573,Finanzas,"Los estados financieros auditados reflejan la situación patrimonial, el flujo de caja y el desempeño económico de una entidad durante el ejercicio fiscal.",37.72429,15.0391445
574,Finanzas,"El análisis fundamental evalúa la salud financiera de las empresas mediante ratios contables, perspectivas de crecimiento y condiciones del mercado.",36.780216,15.045151
575,Finanzas,La diversificación de activos reduce la exposición al riesgo y mejora la estabilidad del portafolio frente a fluctuaciones económicas inesperadas.,36.614895,10.788101
576,Finanzas,El asesor fiscal revisa las deducciones permitidas para minimizar los impuestos y evitar errores en la declaración anual.,29.160439,27.11387
577,Finanzas,"Las tarjetas de crédito ofrecen líneas de financiamiento instantáneo, recompensas por consumo y protección frente a fraudes bancarios.",32.235844,5.8566484
578,Finanzas,El bróker intermediaba operaciones de compra y venta de acciones en la bolsa de valores bajo criterios de rentabilidad y riesgo definidos por sus clientes.,38.750443,9.988842
579,Finanzas,Los pagos automáticos gestionados desde una cuenta bancaria pueden facilitar el cumplimiento puntual de obligaciones financieras mensuales.,32.022575,6.7059784
580,Finanzas,"El sistema de amortización de préstamos determina el calendario de pagos, la proporción de intereses y el saldo pendiente.",32.456356,7.456276
581,Finanzas,"El informe financiero trimestral mostró un incremento en el ingreso neto, reducción de gastos operativos y mejora en liquidez.",39.51906,15.607076
582,Finanzas,El tipo de cambio afecta las transacciones internacionales y genera variaciones en el valor de las inversiones extranjeras.,40.090977,12.405042
583,Finanzas,La tasa de rentabilidad interna se utiliza para evaluar proyectos de inversión a largo plazo en mercados financieros.,37.277668,13.957678
584,Finanzas,"El simulador de créditos calcula cuotas mensuales según intereses, plazo y condiciones contractuales.",31.483183,7.9588013
585,Finanzas,La gestión de riesgos financieros utiliza derivados para cubrir fluctuaciones de precios en activos y proteger inversiones.,37.508743,10.101355
586,Finanzas,Las aportaciones voluntarias al fondo de pensiones incrementan el capital acumulado para el retiro.,33.536793,13.2341175
587,Finanzas,El banco central ajustó la política monetaria para controlar la inflación y estabilizar la economía nacional.,42.779446,13.315227
588,Finanzas,"La declaración de impuestos requiere documentos respaldatorios sobre ingresos, deducciones y datos personales financieros.",29.435368,26.147753
589,Finanzas,El análisis técnico emplea gráficos de precios y tendencias para tomar decisiones en la bolsa de valores.,39.09024,10.64899
590,Finanzas,"El apalancamiento financiero permite multiplicar las ganancias, pero también aumenta el riesgo de pérdida patrimonial significativa.",37.15786,11.752156
591,Finanzas,"La rentabilidad esperada de un instrumento financiero se calcula mediante proyecciones, tasas históricas y variables económicas relevantes.",38.06745,13.5051
592,Finanzas,"Los fondos de inversión gestionan múltiples activos, buscando equilibrio entre riesgo, liquidez y rentabilidad para sus partícipes.",35.390667,11.359996
593,Finanzas,"El seguro de salud cubre gastos médicos, pero su estructuración financiera depende de primas, deducibles y límites de cobertura definidos en el contrato.",29.411575,11.602655
594,Finanzas,El control presupuestario mensual ayuda a identificar desviaciones y ajustar gastos para cumplir objetivos financieros.,31.69541,9.108181
595,Finanzas,Las transacciones con criptomonedas requieren estrategias específicas de gestión financiera debido a alta volatilidad y falta de regulación.,36.746998,9.0343075
596,Finanzas,La estructura de costos e ingresos de una empresa se analiza para determinar su viabilidad financiera y establecer planes de mejoras.,36.457584,14.582222
597,Finanzas,El fondo de emergencia se constituye para atender necesidades imprevistas y evitar endeudamiento excesivo en situaciones críticas.,32.468067,10.159668
598,Finanzas,"La gestión patrimonial implica analizar activos, pasivos y oportunidades de inversión para maximizar la riqueza personal o familiar.",34.550632,14.711826
599,Finanzas,"El informe anual de rentabilidad detalla el rendimiento de cada instrumento financiero, comisiones aplicadas y riesgos asumidos por el inversionista.",38.378357,13.777386
600,Finanzas,"Los instrumentos derivados permiten cubrir riesgos financieros mediante contratos como futuros, opciones y swaps, ajustando posiciones ante cambios del mercado.",37.58532,9.97108
601,Hogar_y_Jardin,La lavanda en el jardín atrae mariposas y abejas.,-0.88325095,-36.94145
602,Hogar_y_Jardin,Las fundas de cojín son lavables y decorativas.,-17.627058,-18.467901
603,Hogar_y_Jardin,El seto de boj necesita podas frecuentes en primavera.,1.466981,-38.560375
604,Hogar_y_Jardin,Los helechos prosperan en baños bien ventilados.,-8.022032,-29.331959
605,Hogar_y_Jardin,Riega las suculentas solo cuando la tierra esté seca.,-5.1399183,-31.94302
606,Hogar_y_Jardin,Elige pintura lavable para las paredes de la cocina.,-11.707342,-21.83239
607,Hogar_y_Jardin,El abono orgánico mejora el césped del patio trasero.,-2.376623,-33.817776
608,Hogar_y_Jardin,Los tulipanes florecen al inicio de la primavera.,0.44191554,-37.779312
609,Hogar_y_Jardin,El felpudo evita que la suciedad entre a casa.,-5.335837,-30.780762
610,Hogar_y_Jardin,Limpia el filtro de la campana extractora mensualmente.,1.4584355,-27.883657
611,Hogar_y_Jardin,Instala luces solares a lo largo del sendero del jardín.,0.12344406,-34.16469
612,Hogar_y_Jardin,El humidificador mantiene la madera de los muebles.,-8.372747,-19.031458
613,Hogar_y_Jardin,Las cortinas gruesas aíslan del frío exterior.,-5.7445297,-20.37522
614,Hogar_y_Jardin,Barre las hojas secas del porche todas las tardes.,-1.4622293,-33.740395
615,Hogar_y_Jardin,El compostaje doméstico reduce la basura orgánica.,-3.6648738,-31.112267
616,Hogar_y_Jardin,El tornillo flojo de la bisagra debe ajustarse.,-4.02842,-23.73489
617,Hogar_y_Jardin,Una alfombra neutra puede dar calidez a la sala de estar.,-8.590198,-19.620272
618,Hogar_y_Jardin,La cerca de madera definirá mejor el área del patio.,-1.7953635,-32.958828
619,Hogar_y_Jardin,¿Ya sembraste nuevas plantas en las macetas del balcón?,-1.519473,-38.718517
620,Hogar_y_Jardin,Utiliza vinagre para limpiar la grifería de tu baño.,-9.419261,-29.56559
621,Hogar_y_Jardin,El mantillo ayuda a conservar la humedad en las jardineras.,-3.4490733,-34.556572
622,Hogar_y_Jardin,Cambia los filtros de aire del sistema de calefacción.,0.3618482,-26.038918
623,Hogar_y_Jardin,Los jacintos añaden aroma y color a ventanas soleadas.,-6.960552,-21.362955
624,Hogar_y_Jardin,Cubre los muebles del jardín en época de lluvias.,-3.444371,-33.408367
625,Hogar_y_Jardin,Revisa periódicamente los detectores de humo en casa.,4.707145,-25.694942
626,Hogar_y_Jardin,Los cactus requieren macetas con buen drenaje.,-6.4248023,-40.06209
627,Hogar_y_Jardin,Coloca piedras decorativas alrededor de la fuente central.,-27.619473,-8.250671
628,Hogar_y_Jardin,Desinfecta los trapos de cocina para evitar bacterias.,-21.746407,-35.391567
629,Hogar_y_Jardin,El pelador de verduras es esencial en la cocina diaria.,-9.774791,-43.88565
630,Hogar_y_Jardin,Pinta el portón del garaje para renovar su aspecto.,-11.549093,-21.758688
631,Hogar_y_Jardin,Usa repelente natural para proteger tus plantas de plagas.,-4.641348,-35.96886
632,Hogar_y_Jardin,Ilumina las escaleras con focos LED para mayor seguridad.,-1.286424,-19.712227
633,Hogar_y_Jardin,Elige plantas de interior resistentes a poca luz.,-0.19492625,-35.37601
634,Hogar_y_Jardin,El temporizador riega automáticamente el huerto pequeño.,-8.891348,-25.734827
635,Hogar_y_Jardin,"En el cuarto de lavandería, organiza los detergentes según su uso específico.",-10.281443,-28.563469
636,Hogar_y_Jardin,Los muebles de exterior de ratán requieren aceitado anual para mantenerse en buen estado.,-8.922921,-17.707216
637,Hogar_y_Jardin,El enrejado sostiene las enredaderas y embellece la fachada de la casa principal.,-4.8738685,-18.38334
638,Hogar_y_Jardin,Limpia los canalones para evitar filtraciones durante temporadas de lluvia intensa.,-6.2454896,-33.095184
639,Hogar_y_Jardin,El ventilador de techo ayuda a dispersar la calefacción en invierno y refresca en verano.,0.39711708,-26.604837
640,Hogar_y_Jardin,Una estantería modular ahorra espacio y ordena herramientas en el taller doméstico.,-9.987018,-21.12085
641,Hogar_y_Jardin,"Al podar rosales, siempre desinfecta las tijeras para prevenir enfermedades en el jardín.",-4.3710995,-36.03093
642,Hogar_y_Jardin,Elimina manchas difíciles de la ropa usando bicarbonato en la lavadora automática.,-10.465248,-28.607594
643,Hogar_y_Jardin,El acondicionador de agua protege las instalaciones de cal en casas con tuberías antiguas.,-7.0399494,-29.637657
644,Hogar_y_Jardin,Los kits para riego por goteo facilitan el cuidado de grandes jardineras sin desperdiciar agua.,-3.630338,-34.453728
645,Hogar_y_Jardin,Una mezcla equilibrada de tierra y perlita favorece el crecimiento de plantas en interiores.,-2.3881166,-35.247597
646,Hogar_y_Jardin,"Para renovar el baño, coloca baldosas antideslizantes y nuevas griferías con ahorro de agua.",-8.137499,-29.446676
647,Hogar_y_Jardin,El uso de lámparas de espectro completo estimula el crecimiento de plantas en espacios cerrados.,0.23005284,-35.07548
648,Hogar_y_Jardin,Los rociadores automáticos mantienen el césped verde durante todo el verano sin esfuerzo manual.,-0.6964207,-31.227932
649,Hogar_y_Jardin,Instalar doble acristalamiento en las ventanas reduce el ruido y el consumo energético en el hogar.,2.4744375,-25.87055
650,Hogar_y_Jardin,Una mesa auxiliar junto al sofá facilita la organización de controles remotos y revistas del salón.,-8.975423,-19.832119
651,Internet_y_Telecomunicaciones,El ancho de banda contratado determina la velocidad de tu conexión a internet.,33.119965,-9.606759
652,Internet_y_Telecomunicaciones,La fibra óptica ofrece mayor capacidad para transmisiones de datos digitales.,34.059986,-15.474299
653,Internet_y_Telecomunicaciones,Los proveedores de internet gestionan la infraestructura de redes de telecomunicaciones.,31.299788,-9.5328865
654,Internet_y_Telecomunicaciones,Tienes que reiniciar el router para restablecer la conexión.,38.305164,-13.229498
655,Internet_y_Telecomunicaciones,El servicio de telefonía IP utiliza la red para llamadas de voz.,26.580261,-12.237749
656,Internet_y_Telecomunicaciones,Las redes móviles 5G mejoran la velocidad y la latencia de acceso.,30.984182,-10.841172
657,Internet_y_Telecomunicaciones,Los repetidores de señal amplifican la cobertura de telecomunicaciones.,29.72416,-11.481617
658,Internet_y_Telecomunicaciones,El servidor DNS traduce nombres de dominio a direcciones IP.,35.821224,-5.4748926
659,Internet_y_Telecomunicaciones,El cable coaxial facilita la transmisión de datos por internet.,31.232718,-13.657241
660,Internet_y_Telecomunicaciones,La configuración del módem es esencial para el acceso a internet.,33.84289,-7.2854223
661,Internet_y_Telecomunicaciones,La videollamada se realiza por plataforma de telecomunicaciones.,28.098833,-12.761585
662,Internet_y_Telecomunicaciones,El roaming permite conectividad fuera de la red habitual.,34.22958,-13.038802
663,Internet_y_Telecomunicaciones,El número telefónico se asigna mediante infraestructura de telecomunicaciones.,27.66067,-11.32663
664,Internet_y_Telecomunicaciones,El tráfico de datos se regula por protocolos de internet.,33.90193,-7.812441
665,Internet_y_Telecomunicaciones,El enlace inalámbrico conecta dispositivos a la red local.,31.941217,-13.222761
666,Internet_y_Telecomunicaciones,El paquete de datos móviles incluye acceso a servicios en línea.,26.750797,-9.563915
667,Internet_y_Telecomunicaciones,Contrate el servicio de internet con velocidad simétrica de subida y bajada.,33.188896,-9.820453
668,Internet_y_Telecomunicaciones,Los operadores de telecomunicaciones actualizan estaciones base para mayor cobertura.,29.533592,-8.03851
669,Internet_y_Telecomunicaciones,La portabilidad numérica posibilita cambiar de proveedor manteniendo el número.,29.031,-6.9087186
670,Internet_y_Telecomunicaciones,La administración de redes requiere monitorear el rendimiento de la infraestructura digital.,31.409328,-8.585904
671,Internet_y_Telecomunicaciones,Se deben configurar los parámetros de seguridad en la red WiFi doméstica.,36.437164,-9.986088
672,Internet_y_Telecomunicaciones,El acceso a servicios de streaming depende de la calidad de la conexión de internet.,32.826824,-6.9182205
673,Internet_y_Telecomunicaciones,Los sistemas de telefonía fija hoy utilizan tecnología VoIP sobre internet.,26.380598,-12.399359
674,Internet_y_Telecomunicaciones,"Para realizar una videoconferencia, se necesita una conexión estable y de alta velocidad.",27.900848,-14.637779
675,Internet_y_Telecomunicaciones,Las empresas instalan enlaces dedicados para garantizar comunicación continua entre sucursales.,32.546192,-11.967489
676,Internet_y_Telecomunicaciones,Los operadores usan fibra óptica para proporcionar internet de alta velocidad en zonas urbanas.,34.01591,-15.200633
677,Internet_y_Telecomunicaciones,Los planes de datos móviles permiten conectarse a internet desde cualquier ubicación geográfica.,27.3476,-9.305389
678,Internet_y_Telecomunicaciones,Las redes satelitales ofrecen conectividad en áreas rurales sin acceso a infraestructura terrestre.,35.220875,-12.521337
679,Internet_y_Telecomunicaciones,El backbone de internet transporta grandes volúmenes de información entre regiones.,26.971083,-7.88093
680,Internet_y_Telecomunicaciones,El tráfico en redes metropolitanas se gestiona mediante tecnologías de telecomunicaciones avanzadas.,30.072613,-10.519347
681,Internet_y_Telecomunicaciones,El espectro radioeléctrico es regulado por organismos dedicados a la gestión de telecomunicaciones.,29.25276,-9.113023
682,Internet_y_Telecomunicaciones,El proceso de instalación de internet incluye pruebas de conectividad y transferencia de datos.,33.0926,-8.225503
683,Internet_y_Telecomunicaciones,"Los paquetes de telecomunicaciones combinan servicios de internet, telefonía y televisión digital.",28.407087,-11.38111
684,Internet_y_Telecomunicaciones,El servicio de internet corporativo requiere garantías de disponibilidad y baja latencia en la red.,34.431618,-9.147973
685,Internet_y_Telecomunicaciones,Las operadoras lanzan promociones de banda ancha para incentivar la suscripción a nuevos servicios.,30.582443,-5.5624247
686,Internet_y_Telecomunicaciones,Las infraestructuras de telecomunicaciones subterráneas minimizan interferencias en la transmisión de datos.,31.127531,-12.288291
687,Internet_y_Telecomunicaciones,La segmentación de redes facilita la gestión del tráfico en entornos con múltiples usuarios y dispositivos.,30.056353,-9.90922
688,Internet_y_Telecomunicaciones,Las plataformas OTT ofrecen servicios de transmisión audiovisual únicamente mediante acceso a internet.,29.071611,-13.686884
689,Internet_y_Telecomunicaciones,El despliegue de estaciones de transmisión inalámbricas amplía el alcance de la red celular.,30.254536,-12.044975
690,Internet_y_Telecomunicaciones,La conectividad intercontinental depende de cables submarinos que unen las redes de telecomunicaciones.,30.742836,-13.31813
691,Internet_y_Telecomunicaciones,Las políticas de tarifas en servicios de telecomunicaciones influyen en el uso de datos móviles.,26.713232,-10.328405
692,Internet_y_Telecomunicaciones,Los sistemas de monitoreo supervisan el estado de la infraestructura de internet en tiempo real.,31.555172,-8.084487
693,Internet_y_Telecomunicaciones,Las empresas de telecomunicaciones realizan mantenimiento preventivo en las redes físicas y virtuales.,31.79523,-9.820271
694,Internet_y_Telecomunicaciones,La redundancia en enlaces de telecomunicaciones garantiza continuidad de servicios ante fallos.,32.32666,-11.265077
695,Internet_y_Telecomunicaciones,El acceso a internet público requiere autenticación en portales de telecomunicaciones.,34.878716,-7.6899033
696,Internet_y_Telecomunicaciones,La actualización de protocolos en routers permite adopción de nuevos estándares en la red.,31.500525,-5.881101
697,Internet_y_Telecomunicaciones,El servicio de fibra hasta el hogar elimina demoras en la transferencia de archivos por internet.,34.999775,-15.33738
698,Internet_y_Telecomunicaciones,Los usuarios solicitan aumentos de ancho de banda para optimizar el uso de aplicaciones en línea.,30.125145,-5.0821357
699,Internet_y_Telecomunicaciones,Las telecomunicaciones permiten la integración global de sistemas de información y comunicación digital.,28.61415,-10.809146
700,Internet_y_Telecomunicaciones,El internet satelital facilita el acceso a redes en zonas sin cobertura terrestre.,35.09634,-12.4408245
701,Juegos,El joystick se utiliza para controlar personajes en videojuegos.,-2.744225,6.382094
702,Juegos,La partida empieza cuando todos los jugadores están listos.,-6.3280296,-0.88080424
703,Juegos,La consola Nintendo Switch es popular entre gamers.,-2.7085223,6.976954
704,Juegos,El tablero de ajedrez marca las posiciones iniciales de las piezas.,1.7344068,-1.7753748
705,Juegos,Es necesario mezclar bien las cartas antes de repartirlas.,3.6160789,-3.9071603
706,Juegos,El inventario del personaje está lleno de objetos mágicos.,-4.0166945,5.1584277
707,Juegos,El modo multijugador permite competir con amigos en línea.,5.680236,4.486626
708,Juegos,El dado determina quién inicia el juego de mesa.,0.9174434,-1.080149
709,Juegos,El jefe final aparece tras completar todos los niveles.,-8.577919,13.418286
710,Juegos,El tutorial explica cómo usar las habilidades del héroe.,-2.547238,1.4939266
711,Juegos,El puzzle requiere colocar piezas en el orden correcto.,3.3979647,-2.5256398
712,Juegos,El marcador de puntaje se actualiza después de cada ronda.,0.42858115,-4.004795
713,Juegos,El juego incluye una fase de exploración en el mapa virtual.,1.9532716,5.8765583
714,Juegos,El servidor se ocupa de conectar jugadores en la partida online.,4.884208,4.72719
715,Juegos,Los puntos de experiencia mejoran las habilidades del avatar.,-3.798917,3.4893565
716,Juegos,La expansión agrega nuevas misiones al juego original.,-1.0706484,4.7097034
717,Juegos,Cada carta tiene un valor específico para avanzar en la partida.,2.2562172,-3.4144506
718,Juegos,"El rol de sanador es fundamental en juegos cooperativos, especialmente durante combates intensos con enemigos.",3.0744338,3.143072
719,Juegos,Algunos juegos de estrategia ofrecen modos de campaña narrativa y escenarios dinámicos para entrenar habilidades tácticas.,-0.5300163,1.4557202
720,Juegos,Los códigos de trucos desbloquean niveles secretos que solo se encuentran en versiones específicas del videojuego.,-1.1361098,6.533614
721,Juegos,El sistema de logros premia al jugador al completar desafíos únicos en la plataforma seleccionada.,3.723906,0.21236171
722,Juegos,"Las mecánicas de turnos definen el ritmo en juegos de mesa, controlando las acciones de cada participante en la partida.",-0.3135666,-0.5159729
723,Juegos,"El juego de rol utiliza hojas de personaje, reglas detalladas y dados para desarrollar la aventura de grupo.",0.4509481,2.3213627
724,Juegos,"Los torneos e-sports reúnen a competidores en arenas virtuales, organizados por comunidades gamer especializadas.",5.0812306,3.8431017
725,Juegos,Los puzzles de lógica requieren encontrar combinaciones de símbolos para avanzar en la historia del videojuego.,1.5931909,1.7450153
726,Juegos,"En juegos de cartas coleccionables, las rarezas y habilidades exclusivas influyen en la estrategia de construcción del mazo.",2.7870138,0.3202245
727,Juegos,El matchmaking automático selecciona rivales basados en sus clasificaciones dentro de la plataforma de juegos online.,5.8815928,3.078864
728,Juegos,"El DLC de un videojuego agrega nuevas armas, mapas y enemigos para que los jugadores disfruten más contenido.",-0.2028253,4.542395
729,Juegos,"El modo sandbox permite experimentar libremente con recursos y reglas, generando escenarios personalizados en el videojuego.",0.62364185,5.946857
730,Juegos,"Algunos juegos ofrecen sistemas de personalización para avatares, permitiendo elegir trajes, accesorios y habilidades.",-3.2728703,3.946536
731,Juegos,"El manual del juego describe mecánicas de combate, movimientos especiales y condiciones de victoria en detalle.",-1.1249443,0.45439667
732,Juegos,Los jugadores deben resolver acertijos en las salas virtuales para desbloquear nuevas áreas del mapa.,1.7871103,5.5810814
733,Juegos,El juego cooperativo online demanda coordinación entre jugadores para superar desafíos y completar misiones en tiempo real.,3.9194388,3.9659977
734,Juegos,Las partidas ranked otorgan etiquetas especiales para quienes consiguen posiciones destacadas en las tablas de clasificación.,-0.29722235,-2.8677871
735,Juegos,"Los speedruns se centran en completar videojuegos en el menor tiempo posible, usando técnicas avanzadas de optimización.",8.351714,-10.375256
736,Juegos,El sistema de progresión de niveles motiva al jugador mediante recompensas y habilidades desbloqueables a medida que avanza.,3.8500388,0.026680894
737,Juegos,El juego tiene un tutorial interactivo para aprender controles básicos y avanzados antes de comenzar la aventura.,-1.8671477,1.5318747
738,Juegos,"Las miniaturas representan héroes, monstruos y obstáculos en juegos de mesa temáticos, aumentando la inmersión visual y táctica.",-2.0974693,3.6711907
739,Juegos,"Los eventos de comunidad suelen ofrecer recompensas especiales dentro del juego, alentando la participación y la competencia.",4.5309663,1.4614631
740,Juegos,"El modo historia de muchos videojuegos proporciona misiones principales, diálogos y cinemáticas para profundizar la narrativa.",-0.38130036,3.1764417
741,Juegos,Las reglas sobre la colocación de fichas están detalladas en el manual del juego de mesa.,1.3258774,-1.1394886
742,Juegos,El chat de voz facilita la coordinación entre miembros del equipo durante partidas multijugador en línea.,5.470597,5.4986606
743,Juegos,Los personajes desbloqueables suelen tener habilidades únicas y objetos exclusivos en la versión digital del juego.,-2.8539598,4.981032
744,Juegos,"Los tableros modulares permiten cambiar escenarios en juegos de mesa, brindando variedad y nuevos desafíos en cada partida.",1.2343993,3.7029586
745,Juegos,El sistema de ranking divide a los jugadores en categorías según sus puntos y victorias dentro del juego competitivo.,-0.37239838,-2.862666
746,Juegos,Los juegos de rol tienen campañas con historias ramificadas y decisiones que afectan el final de la aventura.,0.03072478,2.4275382
747,Juegos,"La expansión incluye nuevos personajes jugables, escenarios inexplorados y cartas adicionales para ampliar la experiencia lúdica.",-1.2564524,4.5125012
748,Juegos,El modo cooperativo requiere que todos los jugadores colaboren para superar enemigos y resolver acertijos dentro del videojuego.,3.1587892,3.3074756
749,Juegos,El sistema de combate por turnos permite planificar estrategias más detalladas en juegos de rol y tácticos.,-0.579765,1.0786813
750,Juegos,La herramienta de creación de mapas posibilita que los jugadores diseñen niveles personalizados en plataformas de videojuegos.,0.7203435,5.269862
751,Ley_y_Gobierno,El Congreso aprobó una nueva ley de protección ambiental.,25.6921,30.881428
752,Ley_y_Gobierno,La Constitución establece los derechos fundamentales de los ciudadanos.,14.5977125,33.815372
753,Ley_y_Gobierno,El Tribunal Supremo dictó sentencia sobre el caso.,22.988752,38.06009
754,Ley_y_Gobierno,El Senado revisó el proyecto de reforma fiscal.,27.37274,29.410145
755,Ley_y_Gobierno,La jurisdicción penal corresponde a los jueces especializados.,20.353258,37.779793
756,Ley_y_Gobierno,Se promulgó una normativa sobre acceso a la información pública.,16.514444,31.776278
757,Ley_y_Gobierno,El decreto fue publicado hoy en el Boletín Oficial del Estado.,18.078463,28.247288
758,Ley_y_Gobierno,El Ministerio de Justicia regula la actividad notarial.,21.015429,35.61941
759,Ley_y_Gobierno,El Código Civil fue actualizado el año pasado.,19.965006,19.856157
760,Ley_y_Gobierno,El presidente vetó la propuesta legislativa.,25.840246,34.97028
761,Ley_y_Gobierno,La administración pública gestiona los recursos estatales.,18.991402,32.958015
762,Ley_y_Gobierno,El reglamento interno del Parlamento fue modificado.,23.494574,29.468225
763,Ley_y_Gobierno,La fiscalía investiga delitos contra la administración pública.,17.658228,37.17781
764,Ley_y_Gobierno,El poder ejecutivo implementó nuevas políticas de seguridad.,28.684614,33.1454
765,Ley_y_Gobierno,El procedimiento administrativo requiere notificación formal.,19.420204,27.495562
766,Ley_y_Gobierno,El Tribunal Constitucional resolvió sobre la inconstitucionalidad.,23.647547,37.160347
767,Ley_y_Gobierno,El Parlamento debatió la ley de transparencia gubernamental durante horas.,21.995619,29.046232
768,Ley_y_Gobierno,El proceso legislativo incluye varias fases de discusión y aprobación.,20.824955,29.83361
769,Ley_y_Gobierno,La defensoría del pueblo tramita quejas sobre actuaciones administrativas.,17.612553,35.021915
770,Ley_y_Gobierno,El ministro de Gobernación firmó un acuerdo en materia de seguridad ciudadana.,16.967161,24.424608
771,Ley_y_Gobierno,La jurisdicción contencioso-administrativa examina actos del gobierno.,20.021309,33.639973
772,Ley_y_Gobierno,El Código Penal tipifica las conductas consideradas delitos por el Estado.,18.230457,37.595634
773,Ley_y_Gobierno,El juez ordenó la ejecución provisional de la sentencia emitida.,23.137762,38.579838
774,Ley_y_Gobierno,La Ley Orgánica regula la estructura del sistema electoral nacional.,23.300491,32.403355
775,Ley_y_Gobierno,El Consejo de Ministros aprobó un decreto de urgencia para la salud pública.,16.643482,26.13668
776,Ley_y_Gobierno,El gabinete ministerial presentó una moción ante la Asamblea Legislativa.,22.415901,29.797312
777,Ley_y_Gobierno,El poder judicial debe garantizar la independencia en la administración de justicia.,21.136744,36.81515
778,Ley_y_Gobierno,El secretario general del ayuntamiento será responsable de la custodia de actas oficiales.,20.26665,32.170746
779,Ley_y_Gobierno,Los senadores presentaron una enmienda al proyecto de ley de presupuesto general.,27.346743,29.885782
780,Ley_y_Gobierno,El control parlamentario asegura la rendición de cuentas del poder ejecutivo ante los ciudadanos.,21.949087,31.596327
781,Ley_y_Gobierno,El reglamento establece los procedimientos para la tramitación de iniciativas ciudadanas ante la cámara.,19.663136,30.244406
782,Ley_y_Gobierno,La aprobación de la reforma constitucional requiere mayoría calificada en ambas cámaras legislativas.,23.817295,31.084843
783,Ley_y_Gobierno,"El sistema de licitaciones públicas promueve la transparencia en la contratación estatal, según la normativa vigente.",17.11172,31.973429
784,Ley_y_Gobierno,Los jueces de instrucción tienen competencia para autorizar registros domiciliarios en procesos penales.,20.260208,37.78313
785,Ley_y_Gobierno,La implementación del sistema acusatorio oral supuso una transformación en la administración de justicia penal.,19.298763,38.965626
786,Ley_y_Gobierno,El Consejo General del Poder Judicial publica informes anuales sobre la situación de los órganos jurisdiccionales.,19.587696,34.762524
787,Ley_y_Gobierno,Los ayuntamientos deben modificar sus ordenanzas municipales conforme a los cambios en la ley estatal.,23.874016,28.239662
788,Ley_y_Gobierno,La Ley General de Procedimiento Administrativo regula los recursos jerárquicos ante la administración pública.,19.697493,33.09998
789,Ley_y_Gobierno,Los consejos autonómicos tienen capacidad normativa dentro del marco constitucional y legislativo nacional.,22.156275,32.639446
790,Ley_y_Gobierno,La jurisprudencia del Supremo establece criterios obligatorios para tribunales inferiores en interpretación legal.,22.137304,37.68599
791,Ley_y_Gobierno,La autoridad electoral realizó el escrutinio oficial bajo la supervisión de observadores internacionales acreditados.,18.020445,30.261362
792,Ley_y_Gobierno,La publicación de los reglamentos se realiza en el Diario Oficial conforme a exigencias normativas.,18.712555,28.680246
793,Ley_y_Gobierno,El procurador general presentó un recurso de inconstitucionalidad contra el decreto gubernamental ante el Tribunal Constitucional.,23.799488,36.912136
794,Ley_y_Gobierno,El nombramiento de altos funcionarios debe seguir procedimientos establecidos por la ley y estar sujeto a control parlamentario.,21.159477,31.64151
795,Ley_y_Gobierno,El sistema de fiscalización estatal vigila la correcta gestión de fondos públicos mediante auditorías regulares y sanciones.,18.40592,31.624855
796,Ley_y_Gobierno,El proceso de descentralización administrativa otorga competencias a entidades territoriales delimitadas constitucionalmente.,21.844673,33.557076
797,Ley_y_Gobierno,La reforma del sistema judicial exige nuevas leyes orgánicas y reglamentarias aprobadas por mayoría legislativa calificada.,24.28335,30.811035
798,Ley_y_Gobierno,Los procedimientos de consulta pública garantizan la participación ciudadana en la elaboración de políticas normativas estatales.,19.329418,30.394798
799,Ley_y_Gobierno,El sistema de jurisdicción militar tiene normas específicas establecidas por el Congreso y supervisadas por el Ministerio de Defensa.,20.916227,33.06755
800,Ley_y_Gobierno,La nulidad de los actos administrativos sólo puede ser declarada mediante resolución expresa de la autoridad competente.,22.227203,34.37596
801,Libros_y_Literatura,El protagonista de la novela enfrenta un dilema moral crucial.,-25.152008,16.256367
802,Libros_y_Literatura,Mi autora favorita ganó el Premio Cervantes en 2018.,-15.646274,8.28798
803,Libros_y_Literatura,Analiza la estructura narrativa de ‘Cien años de soledad’.,-26.497637,15.78636
804,Libros_y_Literatura,La trama se desarrolla durante la Guerra Civil Española.,-33.810925,14.050169
805,Libros_y_Literatura,El ensayo literario aborda temas existenciales complejos.,-26.697983,14.816936
806,Libros_y_Literatura,El capítulo inicial introduce el conflicto principal del libro.,-25.275126,17.02965
807,Libros_y_Literatura,Esta edición facsímil respeta el manuscrito original.,-31.80037,17.773787
808,Libros_y_Literatura,El análisis de personajes es esencial en literatura clásica.,-31.417229,15.235628
809,Libros_y_Literatura,El epílogo revela el destino oculto del narrador.,-25.522324,14.237277
810,Libros_y_Literatura,La sinopsis del libro atrae a lectores jóvenes.,-28.764406,17.484554
811,Libros_y_Literatura,Vicente Aleixandre cultivó la poesía de la generación del 27.,-31.381054,11.812729
812,Libros_y_Literatura,El género policial mezcla intriga y deducción lógica.,18.033735,39.75192
813,Libros_y_Literatura,Recomiendo leer la reseña literaria antes de elegir novela.,-29.141502,17.460217
814,Libros_y_Literatura,El cuento corto utiliza un narrador omnisciente.,-25.207787,13.912644
815,Libros_y_Literatura,El índice temático facilita la búsqueda de capítulos.,-28.48578,18.715698
816,Libros_y_Literatura,El realismo mágico es fundamental en la literatura hispanoamericana.,-33.64002,12.516283
817,Libros_y_Literatura,El desarrollo de los personajes femeninos es clave en la novela decimonónica.,-25.660524,19.11761
818,Libros_y_Literatura,¿Por qué la estructura temporal no sigue un orden lineal en esta narración?,-23.565159,12.607503
819,Libros_y_Literatura,El análisis de símbolos literarios potencia la comprensión profunda del texto.,-30.167616,14.860027
820,Libros_y_Literatura,El prólogo contextualiza la obra dentro de la historia de la literatura española.,-33.128685,13.82746
821,Libros_y_Literatura,En la bibliografía consultada predominan estudios críticos sobre el romanticismo.,-32.257225,15.897673
822,Libros_y_Literatura,La ilustración de la portada representa la alegoría central de la trama.,-21.621841,13.820659
823,Libros_y_Literatura,El narrador omnisciente ofrece información que los personajes desconocen.,-24.814768,14.040218
824,Libros_y_Literatura,La antología reúne poemas seleccionados de autores contemporáneos.,-30.10874,13.056288
825,Libros_y_Literatura,El discurso indirecto libre es frecuente en la narrativa de Virginia Woolf.,-26.062956,12.762669
826,Libros_y_Literatura,El punto de vista cambia entre primera y tercera persona en el capítulo dos.,-22.863686,15.53859
827,Libros_y_Literatura,El clímax de la novela ocurre durante el enfrentamiento final entre antagonista y protagonista.,-24.374212,17.407555
828,Libros_y_Literatura,Gabriel García Márquez explora la identidad latinoamericana en sus novelas.,-33.557095,12.204877
829,Libros_y_Literatura,La teoría literaria sostiene que el intertexto enriquece el significado del relato.,-28.709816,14.191339
830,Libros_y_Literatura,El análisis semiótico revela múltiples niveles de interpretación en el poema.,-30.092188,13.810304
831,Libros_y_Literatura,El glosario incluye términos literarios especializados sobre métrica y rima.,-30.731749,14.525004
832,Libros_y_Literatura,El ensayo compara la ironía trágica en dos tragedias clásicas.,-27.51942,9.634399
833,Libros_y_Literatura,"A través del monólogo interior, el autor expone el conflicto psicológico del personaje.",-25.77581,15.779627
834,Libros_y_Literatura,El narrador poco fiable genera ambigüedad interpretativa en el lector.,-24.592054,14.738312
835,Libros_y_Literatura,El argumento secundario complementa la trama principal y ofrece motivación a los personajes.,-21.37809,14.487795
836,Libros_y_Literatura,Las copias autografiadas del libro se agotaron en la feria literaria.,-30.441036,18.839878
837,Libros_y_Literatura,El final abierto invita a múltiples interpretaciones críticas según diversas escuelas literarias.,-30.257923,16.321245
838,Libros_y_Literatura,El diálogo intertextual con obras previas se aprecia en la reinterpretación de mitos antiguos.,-28.348759,11.616899
839,Libros_y_Literatura,El joven poeta publicó su primer soneto en una revista literaria independiente.,-27.708324,17.086779
840,Libros_y_Literatura,El corpus de novelas realistas permite rastrear la evolución del discurso social en la narrativa.,-27.890327,13.998234
841,Libros_y_Literatura,La edición crítica compara variantes textuales e incluye aparato de notas erudito.,-31.396282,17.50685
842,Libros_y_Literatura,"Durante el coloquio literario, varios autores discutieron sobre las tendencias actuales en narrativa breve.",-27.084883,12.938234
843,Libros_y_Literatura,El paratexto editorial influye en la recepción del lector y contextualiza el sentido global de la obra.,-28.83571,15.569718
844,Libros_y_Literatura,¿Cuál es el leitmotiv recurrente en la producción poética de Alfonsina Storni según el estudio académico más reciente?,-31.119366,12.911853
845,Libros_y_Literatura,El cambio de focalización interna da voz a personajes secundarios antaño silenciados en la tradición narrativa.,-23.924217,14.516379
846,Libros_y_Literatura,El taller de escritura creativa promueve el análisis de estilos literarios y fomenta la creación grupal de relatos.,-29.346611,15.009316
847,Libros_y_Literatura,Las estrategias retóricas en el ensayo ensanchan la capacidad persuasiva del texto y enriquecen la argumentación.,-20.822123,14.665739
848,Libros_y_Literatura,La poética de Juan Ramón Jiménez se caracteriza por la musicalidad íntima y la búsqueda de lo trascendente en lo cotidiano.,-32.98923,11.944181
849,Libros_y_Literatura,El análisis hermenéutico del mito en la literatura moderna desvela la tensión entre tradición y renovación expresiva.,-28.239525,11.820717
850,Libros_y_Literatura,La revisión crítica del canon occidental debate sobre la inclusión de autoras históricamente marginadas en los manuales de literatura.,-30.516342,18.330307
851,Mascotas_y_Animales,El gato duerme sobre el cojín junto a la ventana.,-21.52428,-53.466442
852,Mascotas_y_Animales,El canario canta todas las mañanas en su jaula.,-2.1077561,-41.68225
853,Mascotas_y_Animales,Las tortugas necesitan luz solar para su caparazón.,-20.394903,-46.670475
854,Mascotas_y_Animales,El cachorro muerde su juguete de cuerda azul.,-30.193142,-48.752647
855,Mascotas_y_Animales,Los peces dorados nadan tranquilos en el acuario.,-13.925225,-36.18859
856,Mascotas_y_Animales,El hámster almacena semillas en sus mofletes.,-2.9161804,-36.828453
857,Mascotas_y_Animales,¿Tu conejo disfruta salir al jardín contigo?,-1.9710388,-40.181744
858,Mascotas_y_Animales,El veterinario revisó la vacuna de mi perra.,-27.93711,-45.145596
859,Mascotas_y_Animales,El loro imita sonidos cuando hay visitas en casa.,-16.015415,-2.2126265
860,Mascotas_y_Animales,Los gatos persas requieren cepillado frecuente.,-22.394098,-52.465813
861,Mascotas_y_Animales,Alimenta a tu pez betta cada dos días.,-11.158853,-39.936176
862,Mascotas_y_Animales,El cachorro aprendió a sentarse con premios.,-29.576534,-48.430347
863,Mascotas_y_Animales,El comedero automático facilita la alimentación diaria.,-16.863169,-44.16737
864,Mascotas_y_Animales,Los erizos suelen esconderse entre hojas secas.,-1.1816983,-35.317337
865,Mascotas_y_Animales,Los cachorros necesitan socialización desde pequeños.,-26.814621,-48.77169
866,Mascotas_y_Animales,Es fundamental desparasitar regularmente a los perros.,-26.141182,-45.62482
867,Mascotas_y_Animales,La muda de pelo en los gatos aumenta en primavera.,-23.04176,-52.668545
868,Mascotas_y_Animales,Las jaulas de los periquitos deben limpiarse a menudo.,-5.7221766,-34.059566
869,Mascotas_y_Animales,El adiestramiento canino refuerza el vínculo con la mascota.,-28.475864,-47.717274
870,Mascotas_y_Animales,Los gatos siameses suelen ser muy sociables con su familia.,-21.518518,-51.97464
871,Mascotas_y_Animales,El acuario tropical requiere filtro y regulador de temperatura.,-0.68457764,-27.542105
872,Mascotas_y_Animales,Los reptiles domésticos necesitan hábitats controlados y específicos.,-21.436295,-47.16715
873,Mascotas_y_Animales,Las razas de perros pequeños suelen vivir más años.,-27.747023,-49.11832
874,Mascotas_y_Animales,Un conejo feliz salta y corre por su recinto diariamente.,-2.0676968,-40.648254
875,Mascotas_y_Animales,La alimentación de los hurones debe ser rica en proteínas animales.,-24.014275,-46.925465
876,Mascotas_y_Animales,Es importante proporcionar enriquecimiento ambiental a las aves domésticas.,-22.581146,-47.619583
877,Mascotas_y_Animales,Los roedores como las cobayas requieren heno fresco a diario.,-4.426129,-38.280922
878,Mascotas_y_Animales,Los perros guía reciben entrenamiento especializado desde pequeños.,-27.650995,-47.81099
879,Mascotas_y_Animales,Durante el verano las mascotas deben tener agua fresca siempre disponible.,-23.931416,-44.425858
880,Mascotas_y_Animales,El veterinario recomienda chequeos anuales en animales domésticos sanos.,-27.400927,-45.44657
881,Mascotas_y_Animales,La alopecia en gatos puede indicar estrés o enfermedad dermatológica.,-23.407251,-52.25356
882,Mascotas_y_Animales,Los perros de razas gigantes presentan mayor predisposición a displasia de cadera.,-28.376425,-48.282845
883,Mascotas_y_Animales,El enriquecimiento ambiental previene el aburrimiento en loros inteligentes.,9.4727,-0.93139166
884,Mascotas_y_Animales,Los gatos suelen acicalarse después de cada comida como parte de su rutina natural.,-22.0581,-51.73964
885,Mascotas_y_Animales,Las camas ortopédicas ayudan a perros mayores con problemas articulares o de movilidad.,-27.90561,-47.01081
886,Mascotas_y_Animales,Las perras deben ser esterilizadas para evitar camadas no deseadas y enfermedades uterinas.,-26.774399,-43.627594
887,Mascotas_y_Animales,La convivencia de varios gatos en un mismo hogar requiere recursos múltiples y espacio suficiente.,-20.937805,-51.690273
888,Mascotas_y_Animales,Para transportar peces de acuario es recomendable usar bolsas con oxígeno adicional.,-13.266697,-35.424187
889,Mascotas_y_Animales,Los bebés de tortuga necesitan una dieta específica y temperaturas controladas para un desarrollo saludable.,-20.478018,-46.695187
890,Mascotas_y_Animales,"Los síntomas de alergia en perros incluyen picazón, enrojecimiento y pérdida localizada de pelo.",-29.587814,-45.614388
891,Mascotas_y_Animales,"El lenguaje corporal del perro incluye movimientos de orejas, cola y postura general del cuerpo.",-29.193083,-47.122753
892,Mascotas_y_Animales,Los errores en la alimentación pueden causar deficiencias nutricionales graves en aves exóticas domésticas.,-23.064096,-47.857258
893,Mascotas_y_Animales,Es fundamental adaptar la cantidad de comida a la actividad física de las mascotas adultas castradas.,-25.435917,-47.146675
894,Mascotas_y_Animales,La identificación con microchip es obligatoria en muchos países para perros y gatos domésticos.,-25.918285,-44.816055
895,Mascotas_y_Animales,Algunos gatos pueden desarrollar obesidad si no se controla su ingesta calórica y nivel de ejercicio.,-22.561,-51.20847
896,Mascotas_y_Animales,Los cambios bruscos de ambiente pueden generar un fuerte estrés en animales domésticos sensibles como conejos y hurones.,-24.25647,-48.32682
897,Mascotas_y_Animales,"Un correcto enriquecimiento ambiental incluye juguetes, túneles y elementos para roer en la jaula de roedores domésticos.",-9.138622,-22.820038
898,Mascotas_y_Animales,Los perros que no socializan correctamente de cachorros pueden presentar ansiedad o comportamientos agresivos en la adultez.,-26.8265,-48.59425
899,Mascotas_y_Animales,Es vital consultar con un veterinario especializado si nuestra mascota presenta signos de enfermedad digestiva persistente.,-27.244722,-45.876842
900,Mascotas_y_Animales,"Las enfermedades zoonóticas pueden transmitirse de mascotas a humanos, por lo que la higiene y el control veterinario son fundamentales.",-26.224926,-46.501194
901,Negocios_e_Industria,La planta de producción aumentó su capacidad operativa este año.,-4.9104857,13.723793
902,Negocios_e_Industria,El gerente general revisó el plan estratégico de la empresa.,-5.4914923,15.236225
903,Negocios_e_Industria,La cadena logística optimizó los tiempos de entrega industrial.,-1.1584302,15.631618
904,Negocios_e_Industria,Los empleados recibieron capacitación sobre procesos automáticos.,-9.941064,22.04034
905,Negocios_e_Industria,El área de recursos humanos implementó nuevas políticas laborales.,30.534676,32.795746
906,Negocios_e_Industria,La junta directiva aprobó la expansión internacional del negocio.,-3.057759,23.962526
907,Negocios_e_Industria,El departamento de calidad evaluó la eficiencia de la manufactura.,-0.94549614,18.461514
908,Negocios_e_Industria,Las fábricas adoptan protocolos de seguridad industrial rigurosos.,2.8297772,19.438082
909,Negocios_e_Industria,La empresa diseñó un sistema de gestión de inventarios avanzado.,-3.2049,16.485466
910,Negocios_e_Industria,El equipo de ventas organizó una feria empresarial en el recinto.,14.251418,3.4652226
911,Negocios_e_Industria,El director de operaciones supervisó la producción en la planta.,-4.7668257,14.460653
912,Negocios_e_Industria,La unidad de negocios lanzó un nuevo servicio corporativo.,-9.0791025,18.694534
913,Negocios_e_Industria,El proceso de ensamblaje se realizó con maquinaria especializada.,-3.4741087,16.197184
914,Negocios_e_Industria,La oficina central coordinó el abastecimiento de materias primas.,-3.112124,14.483949
915,Negocios_e_Industria,El comité ejecutivo se reunió para analizar métricas productivas.,1.7462474,22.847158
916,Negocios_e_Industria,La compañía estableció alianzas estratégicas con proveedores industriales.,-4.5359526,22.540472
917,Negocios_e_Industria,"En el sector manufacturero, la automatización impulsa la competitividad de las empresas a nivel mundial.",-4.9998574,20.613008
918,Negocios_e_Industria,El liderazgo empresarial es clave para la transformación digital en las organizaciones industriales.,-7.4945984,20.242811
919,Negocios_e_Industria,Empresas multinacionales gestionan operaciones complejas en distintos mercados y regulaciones comerciales.,-2.6273475,22.244864
920,Negocios_e_Industria,La gestión eficiente de la cadena de suministro mejora la rentabilidad y la satisfacción del cliente corporativo.,-1.1140121,16.575338
921,Negocios_e_Industria,La capacitación técnica en procesos industriales contribuye al desarrollo profesional de los empleados en la fábrica.,-9.260283,22.457891
922,Negocios_e_Industria,Los proyectos de innovación tecnológica fortalecen la posición de la compañía en el mercado empresarial.,-6.364987,20.755617
923,Negocios_e_Industria,La optimización del flujo de trabajo ayuda a reducir costos e incrementar la productividad en plantas industriales.,-2.8972158,19.170835
924,Negocios_e_Industria,Los sistemas de control de calidad garantizan la fabricación de productos competitivos en la industria.,-0.8438322,17.766647
925,Negocios_e_Industria,Las reuniones periódicas de los equipos de gestión permiten tomar decisiones organizacionales efectivas.,0.50023776,21.82326
926,Negocios_e_Industria,El reclutamiento de talento especializado es fundamental para el éxito de cualquier empresa industrial moderna.,-7.7625275,22.142355
927,Negocios_e_Industria,Las estrategias de posicionamiento industrial influyen en la percepción de marca corporativa.,-6.9711905,18.44128
928,Negocios_e_Industria,Los departamentos de logística diseñan rutas eficientes para la distribución empresarial.,-1.0353271,15.483842
929,Negocios_e_Industria,El análisis de procesos productivos es esencial para identificar áreas de mejora en el sector industrial.,-4.6724763,19.074701
930,Negocios_e_Industria,La política de sostenibilidad ambiental se ha integrado en la operación de varias empresas manufactureras.,-0.9559739,20.281212
931,Negocios_e_Industria,El ambiente laboral en el sector industrial exige estrictas normas de seguridad y prevención.,2.7978806,19.474348
932,Negocios_e_Industria,La dirección corporativa fija objetivos de crecimiento para todas las divisiones de la firma.,-6.404489,16.551529
933,Negocios_e_Industria,El desarrollo de productos innovadores requiere una colaboración activa entre diferentes áreas de la empresa.,-5.2236457,22.252108
934,Negocios_e_Industria,Las plantas industriales han incorporado soluciones tecnológicas para optimizar la operación diaria.,-3.5922987,19.443953
935,Negocios_e_Industria,El consejo de administración evaluó las propuestas de reingeniería de procesos para incrementar la eficiencia operativa en la fábrica.,-1.3836654,19.27897
936,Negocios_e_Industria,Equipos interdisciplinares colaboran en proyectos de mejora continua que buscan elevar el estándar productivo y la competitividad empresarial en el sector.,-5.956415,22.20363
937,Negocios_e_Industria,Las estrategias de internacionalización empresarial exigen adaptaciones logísticas complejas y coordinación entre las áreas de gestión y operaciones industriales.,-2.9861689,22.238146
938,Negocios_e_Industria,La planificación industrial minuciosa permite programar la producción de acuerdo a la demanda corporativa estimada y los recursos disponibles.,-5.01617,17.58854
939,Negocios_e_Industria,Los sistemas automatizados de control y monitoreo han revolucionado la supervisión técnica en toda la estructura organizacional de la empresa manufacturera.,-2.7881463,17.320364
940,Negocios_e_Industria,La implementación de tecnologías de vanguardia facilita la integración de procesos en la cadena de abastecimiento de grandes compañías del sector industrial.,-3.7226243,20.469727
941,Negocios_e_Industria,La gestión del talento humano incluye programas específicos de formación y desarrollo para empleados de planta y personal administrativo en industrias.,-8.597101,22.640472
942,Negocios_e_Industria,La coordinación entre departamentos permite la ejecución eficiente de proyectos de expansión en empresas multinacionales dedicadas a la fabricación y distribución de productos.,-3.868747,21.626966
943,Negocios_e_Industria,El análisis de indicadores de desempeño empresarial es esencial para identificar oportunidades de optimización en distintas áreas industriales y corporativas.,-5.3170505,18.847847
944,Negocios_e_Industria,"La conformación de equipos de trabajo multidisciplinarios en el sector industrial fortalece la innovación, la adaptación tecnológica y el liderazgo organizacional corporativo.",-6.2358584,21.897387
945,Negocios_e_Industria,El proceso de auditoría interna evalúa la conformidad de los procedimientos industriales con los estándares de calidad de la empresa.,0.012156854,18.597242
946,Negocios_e_Industria,La adopción de modelos de gestión lean manufacturing incrementa la productividad y reduce el desperdicio en las líneas de producción industrial de las compañías.,-2.4468708,19.199463
947,Negocios_e_Industria,Los proyectos de mejora de infraestructura industrial generan ventajas competitivas y diversifican las capacidades de la organización en el mercado empresarial.,-6.0070276,20.895895
948,Negocios_e_Industria,"La toma de decisiones estratégicas en la industria implica el análisis sistemático de factores operativos, tecnológicos y humanos.",-6.2449946,18.504314
949,Negocios_e_Industria,La descentralización de operaciones permite a las empresas acceder a recursos locales y mejorar la eficiencia productiva en diferentes regiones.,-1.0350391,23.778753
950,Negocios_e_Industria,La formulación de planes corporativos de desarrollo industrial requiere una visión integral de los objetivos comerciales y de las capacidades organizativas.,-5.5952797,17.688038
951,Noticias,El presidente anunció nuevas medidas económicas esta mañana.,29.753208,32.813717
952,Noticias,Las autoridades investigan el incidente ocurrido en la capital.,15.808,38.290886
953,Noticias,Reporteros informan sobre las fuertes lluvias en el sur.,7.621676,27.386715
954,Noticias,La cifra de desempleo alcanzó un nuevo récord trimestral.,32.164684,32.34563
955,Noticias,Se reporta un incremento significativo en los casos de dengue.,-28.618076,-35.925518
956,Noticias,El Congreso debatirá hoy la reforma fiscal propuesta.,27.36902,28.984264
957,Noticias,Los mercados reaccionaron negativamente tras el informe oficial.,43.31007,10.235908
958,Noticias,El gobierno confirma la llegada de ayuda humanitaria internacional.,15.67951,23.380205
959,Noticias,Miles participaron en la marcha pacífica según medios locales.,-7.4628434,40.495564
960,Noticias,El alcalde presentó su renuncia ante el escándalo revelado.,14.924783,37.269978
961,Noticias,La policía acordonó el área tras el suceso reportado hoy.,15.656284,39.110138
962,Noticias,El Banco Central emitió un comunicado sobre la inflación.,42.62973,13.290888
963,Noticias,Actualización: el incendio forestal sigue afectando a varias comunidades.,-2.4742532,45.064877
964,Noticias,Se registra baja afluencia en centros de votación nacionales.,24.957565,33.308174
965,Noticias,Expertos analizan el impacto social de la crisis energética.,-3.5685334,44.801792
966,Noticias,Noticieros destacaron la conferencia de prensa del canciller.,10.159828,25.187464
967,Noticias,La ministra de Salud dio declaraciones sobre la situación epidemiológica nacional.,16.260767,26.136929
968,Noticias,El boletín informativo nocturno cubrió los hechos relevantes del día.,9.670099,27.872005
969,Noticias,Esta tarde se realizó un simulacro de emergencia en el distrito oeste.,6.77642,30.237112
970,Noticias,La redacción de varios diarios confirmó la autenticidad del informe filtrado por la fiscalía.,13.333434,29.408442
971,Noticias,Periodistas entrevistaron a los testigos del accidente automovilístico ocurrido esta madrugada en la principal autopista.,6.7655663,27.450947
972,Noticias,"Según fuentes extraoficiales, un acuerdo diplomático está próximo a concretarse entre ambas naciones.",14.86108,23.471792
973,Noticias,El equipo periodístico transmitió en vivo desde la escena del siniestro para ofrecer cobertura completa.,7.957262,24.968727
974,Noticias,Se publicaron nuevas estadísticas oficiales sobre empleo en el último informe mensual del ministerio.,31.943699,32.38473
975,Noticias,El editorial del periódico analizó los efectos de la reciente devaluación monetaria en la economía doméstica.,41.34749,13.967906
976,Noticias,Cadenas internacionales ampliaron los detalles del conflicto fronterizo luego del pronunciamiento oficial.,28.326908,38.11727
977,Noticias,Informativos locales destacaron la apertura del puente tras años de retraso en la construcción.,10.757279,30.611025
978,Noticias,La prensa regional monitorea estrechamente el desarrollo de las negociaciones sindicales.,13.311413,25.057589
979,Noticias,Noticias de última hora: han sido liberados los secuestrados tras la intervención de las fuerzas policiales.,8.820222,47.16886
980,Noticias,La cobertura en directo de la toma de posesión presidencial atrajo audiencia de diversos medios globales.,9.159883,24.79122
981,Noticias,El corresponsal en Bruselas reportó avances en la cumbre sobre cambio climático de la Unión Europea.,13.185804,22.846174
982,Noticias,"De acuerdo con la agencia nacional de noticias, el fenómeno meteorológico causó evacuaciones masivas en la provincia central.",7.1345086,29.14276
983,Noticias,"Anoche, el noticiero central presentó testimonios exclusivos de afectados por el apagón generalizado en la ciudad.",7.44794,27.990686
984,Noticias,Diarios reconocidos publicaron análisis exhaustivos sobre la reciente elección parlamentaria y sus implicancias institucionales.,13.645188,27.858995
985,Noticias,El sondeo divulgado por la agencia informativa revela el sentir ciudadano ante las reformas propuestas durante el último trimestre.,25.520061,28.445894
986,Noticias,Cronistas acreditados viajaron al epicentro del terremoto para documentar la situación actual de las comunidades damnificadas.,-7.5474253,41.84089
987,Noticias,Medios digitales difundieron imágenes satelitales de las zonas afectadas por el desbordamiento del río principal.,7.527979,25.354176
988,Noticias,La sección internacional ofrece una panorámica de los principales acontecimientos geopolíticos de la jornada.,9.781987,23.526852
989,Noticias,Los corresponsales especializados transmitieron desde el Foro Económico Mundial avances sustanciales en acuerdos multilaterales.,13.709811,23.541992
990,Noticias,El sumario del boletín matutino recapitula las noticias más importantes ocurridas durante el fin de semana.,10.12361,27.71538
991,Noticias,Los informes del mediodía incluyen actualizaciones sobre el transporte público tras las protestas matutinas en la ciudad.,9.904552,28.938372
992,Noticias,"Según reportes oficiales, hoy se realizaron operativos coordinados en distintos puntos fronterizos del país para reforzar la seguridad.",28.355604,38.06708
993,Noticias,Se prevé que la cadena nacional transmita en exclusiva declaraciones relevantes del gabinete ministerial sobre la situación actual.,11.695696,24.586151
994,Noticias,"Este lunes, las redacciones de varios portales informativos ampliaron los detalles acerca del nuevo plan de contingencia sanitaria.",11.679241,27.493584
995,Noticias,"La cadena de noticias transmitió el discurso íntegro del mandatario, analizando sus repercusiones en el ámbito internacional.",9.908546,24.613459
996,Noticias,"Según datos aportados por la oficina de prensa, los principales titulares de la semana abordan temas de interés económico y social en la región.",10.263926,26.763872
997,Noticias,El programa de análisis periodístico detalló los alcances del acuerdo migratorio aprobado recientemente por las autoridades.,13.065854,27.341026
998,Noticias,Voceros gubernamentales ofrecieron una rueda de prensa conjunta para ofrecer detalles sobre el balance semestral del país.,10.919557,25.230814
999,Noticias,El resumen especial de noticias repasó los acontecimientos más destacados desde el inicio de la actual administración.,10.76382,27.573053
1000,Noticias,La agencia de noticias regional verificó la autenticidad de los documentos publicados respecto al gasto público del último año.,13.389882,29.304306
1001,Pasatiempos_y_Ocio,Me relaja mucho bordar mandalas por las tardes.,-22.65967,-16.934076
1002,Pasatiempos_y_Ocio,Siempre llevo mi cámara fotográfica los domingos libres.,-25.734842,-16.090597
1003,Pasatiempos_y_Ocio,Aprendí a tejer bufandas durante el invierno pasado.,-19.746185,-15.38756
1004,Pasatiempos_y_Ocio,Colecciono sellos postales desde hace cinco años.,13.806469,-0.23929253
1005,Pasatiempos_y_Ocio,Disfruto modelando figuras de barro en mi taller.,-21.233406,-9.888719
1006,Pasatiempos_y_Ocio,Asisto a talleres de encuadernación artesanal los sábados.,-22.751621,-13.2241535
1007,Pasatiempos_y_Ocio,Es gratificante terminar un rompecabezas complicado.,4.141599,-1.920793
1008,Pasatiempos_y_Ocio,Pasear para hacer fotografía urbana es mi afición favorita.,-23.432419,-7.43099
1009,Pasatiempos_y_Ocio,Pintar al óleo me ayuda a desconectarme del estrés.,-16.530106,-32.004883
1010,Pasatiempos_y_Ocio,Mis tardes de origami son momentos de pura tranquilidad.,-21.759289,-17.536045
1011,Pasatiempos_y_Ocio,Me encanta restaurar muebles antiguos como pasatiempo.,-20.9767,-10.594703
1012,Pasatiempos_y_Ocio,Hacer scrapbooking permite preservar bonitos recuerdos.,-18.520132,-7.414389
1013,Pasatiempos_y_Ocio,Cultivo bonsáis por puro entretenimiento personal.,-18.364319,-12.727705
1014,Pasatiempos_y_Ocio,Dedico las mañanas de domingo a la acuarela.,-24.71143,-16.40041
1015,Pasatiempos_y_Ocio,Practicar caligrafía creativa relaja mi mente.,-19.34372,-9.759083
1016,Pasatiempos_y_Ocio,Me apasiona diseñar maquetas ferroviarias en miniatura.,-15.786557,-9.997788
1017,Pasatiempos_y_Ocio,Los talleres de cerámica artesanal ofrecen gran satisfacción personal.,-23.181044,-10.924135
1018,Pasatiempos_y_Ocio,Compartir técnicas de macramé con amigos vuelve mi ocio más divertido.,-18.029242,-12.519931
1019,Pasatiempos_y_Ocio,Me gusta tejer amigurumis durante mis ratos libres de la tarde.,-22.564592,-16.853214
1020,Pasatiempos_y_Ocio,Construir aviones de papel artesanales en familia se ha vuelto mi pasatiempo preferido.,-18.342894,-10.957942
1021,Pasatiempos_y_Ocio,Las tardes de invierno son perfectas para coser colchas a mano.,-20.004236,-16.257904
1022,Pasatiempos_y_Ocio,Aprender nuevas técnicas de tarjetería artesanal es entretenido y enriquecedor para mí.,-19.25972,-11.926248
1023,Pasatiempos_y_Ocio,Mis fines de semana ideales incluyen sesiones de dibujo anatómico en grupo.,-22.717112,-12.872664
1024,Pasatiempos_y_Ocio,La satisfacción de catalogar monedas raras supera cualquier otra actividad recreativa que conozco.,11.105398,-0.22352079
1025,Pasatiempos_y_Ocio,Organizar exposiciones de fotografías tomadas en mis paseos es mi forma favorita de ocio.,-23.109667,-7.755859
1026,Pasatiempos_y_Ocio,Recomiendo empezar una colección de llaveros viajeros a quien busque un hobby personal y único.,-16.919493,-7.4963794
1027,Pasatiempos_y_Ocio,Diario registro mis avances de modelismo naval a escala en un cuaderno especial de aficiones.,-15.038232,-6.3519945
1028,Pasatiempos_y_Ocio,Me identifico con los aficionados a la papiroflexia porque comparten entusiasmo por los pequeños detalles hechos a mano.,-18.245846,-9.43027
1029,Pasatiempos_y_Ocio,Restaurar cámaras analógicas como hobby me ha permitido conectar con personas igual de apasionadas por la fotografía clásica.,-22.157757,-7.2657843
1030,Pasatiempos_y_Ocio,Me entusiasman los encuentros mensuales de clubes de filatelia en la ciudad.,-16.039227,-13.088866
1031,Pasatiempos_y_Ocio,Mi actividad predilecta para relajarme es preparar manualidades ecológicas con materiales reciclados.,-20.717272,-12.694402
1032,Pasatiempos_y_Ocio,En vacaciones suelo dedicarme a crear velas aromáticas artesanales como forma de esparcimiento.,-22.8691,-14.322715
1033,Pasatiempos_y_Ocio,"Coser muñecas de tela a mano requiere paciencia, pero resulta terapéutico después de una semana intensa.",-4.6701527,-25.059893
1034,Pasatiempos_y_Ocio,Cada invierno me propongo aprender nuevas técnicas de vidrio soplado solo como diversión.,-18.714272,-14.799017
1035,Pasatiempos_y_Ocio,Perfeccionar el arte del encaje de bolillos es mi pasatiempo para tardes tranquilas.,-22.28768,-16.38628
1036,Pasatiempos_y_Ocio,¡Haz tu propio jabón artesanal este fin de semana y relájate mucho más!,-22.554722,-19.013052
1037,Pasatiempos_y_Ocio,Me uní recientemente a un curso presencial de talla en madera para principiantes.,-20.12898,-14.614867
1038,Pasatiempos_y_Ocio,Cada mes participo en mercadillos donde intercambiamos postales ilustradas solo por pasión coleccionista.,13.258356,0.26485682
1039,Pasatiempos_y_Ocio,Capturar paisajes en fotografía analógica se ha transformado en mi gran fuente de esparcimiento personal.,-22.59266,-7.617093
1040,Pasatiempos_y_Ocio,Recomiendo la práctica del scrapbooking para conservar recuerdos de viajes y estimular la creatividad como ocio.,-18.305447,-7.561876
1041,Pasatiempos_y_Ocio,Pasar horas montando y pintando maquetas ferroviarias me produce una satisfacción única y difícil de explicar.,-15.715134,-10.213305
1042,Pasatiempos_y_Ocio,"Siempre espero con ilusión los encuentros locales de aficionados a la pintura al óleo, donde compartimos técnicas y admiramos cada obra realizada.",-23.514599,-9.733816
1043,Pasatiempos_y_Ocio,Mi mayor entretenimiento consiste en diseñar atrapasueños coloridos utilizando hilos reciclados y plumas naturales.,-20.615282,-11.970084
1044,Pasatiempos_y_Ocio,"Llevo más de una década perfeccionando el arte de la caligrafía, y cada nuevo trazo me llena de inspiración y tranquilidad.",-19.419855,-9.840998
1045,Pasatiempos_y_Ocio,"Dedico amplios ratos de mi tiempo libre a explorar libros y revistas de modelismo, buscando ideas frescas para mis próximas creaciones en miniatura.",-20.266449,-8.458296
1046,Pasatiempos_y_Ocio,Es habitual que los miembros de la asociación filatélica a la que pertenezco organicen intercambios de sellos para enriquecer nuestras colecciones personales.,12.988007,0.57132274
1047,Pasatiempos_y_Ocio,Retomar la encuadernación artesanal me ayudó a reconectar con mi creatividad y a conocer nuevas herramientas usadas en este pasatiempo.,-20.072891,-11.015907
1048,Pasatiempos_y_Ocio,"Los talleres intensivos de cerámica, en los cuales modelamos y esmaltamos nuestras propias piezas, se han convertido en mi actividad de recreación predilecta.",-22.239595,-11.567662
1049,Pasatiempos_y_Ocio,En casa suelo improvisar mi propio estudio fotográfico para experimentar con técnicas de iluminación y naturaleza muerta como hobby.,-21.801691,-8.553403
1050,Pasatiempos_y_Ocio,Participar en exposiciones de scrapbooking artesanal me permitió conocer a muchas personas con la misma pasión por los recuerdos hechos a mano.,-18.893106,-7.979527
1051,Personas_y_Sociedad,La diversidad cultural fortalece a las comunidades modernas.,0.46830776,40.69345
1052,Personas_y_Sociedad,El respeto mutuo mejora las relaciones familiares.,3.1467028,37.725548
1053,Personas_y_Sociedad,Los abuelos transmiten valores a sus nietos.,-2.8960423,36.779545
1054,Personas_y_Sociedad,El matrimonio civil une legalmente a dos personas.,5.50104,36.766705
1055,Personas_y_Sociedad,La solidaridad es fundamental en tiempos difíciles.,1.6264727,45.50311
1056,Personas_y_Sociedad,El saludo de mano es común en reuniones sociales.,4.5502644,12.846132
1057,Personas_y_Sociedad,Las normas sociales varían según el país.,3.5862267,43.84491
1058,Personas_y_Sociedad,El bautizo suele celebrarse en familia.,1.8959231,36.250496
1059,Personas_y_Sociedad,La convivencia intergeneracional fomenta el entendimiento.,-1.764504,36.68498
1060,Personas_y_Sociedad,El aprecio por la ancianidad refleja madurez social.,-1.5978024,35.908356
1061,Personas_y_Sociedad,Las costumbres familiares difieren en todo el mundo.,0.8114239,37.777946
1062,Personas_y_Sociedad,La urbanización afecta el tejido comunitario.,1.5474379,42.934345
1063,Personas_y_Sociedad,El sentido de pertenencia surge en la adolescencia.,-2.8179042,41.99837
1064,Personas_y_Sociedad,El vecindario es clave en la red de apoyo social.,4.1243844,42.011616
1065,Personas_y_Sociedad,Muchas sociedades valoran fuertemente la hospitalidad.,11.87918,-35.13816
1066,Personas_y_Sociedad,La igualdad de género es una meta social actual.,6.023507,49.794964
1067,Personas_y_Sociedad,Las celebraciones reúnen a distintas generaciones de una misma familia para compartir comida y tradiciones heredadas durante años.,0.59158826,35.766506
1068,Personas_y_Sociedad,Los jóvenes buscan identificarse con determinados grupos sociales para sentirse aceptados y apoyados en su entorno.,5.4083643,42.416393
1069,Personas_y_Sociedad,"Las fiestas patronales son eventos centrales en la vida comunitaria de muchos pueblos, donde la participación colectiva es esencial.",0.8476632,34.318222
1070,Personas_y_Sociedad,Un aumento en la migración puede transformar la estructura demográfica y los lazos tradicionales de una sociedad concreta.,0.28280818,41.665634
1071,Personas_y_Sociedad,La estructura de la familia extensa es fundamental para la transmisión oral de conocimientos y costumbres en diversas culturas ancestrales.,0.5072588,37.195812
1072,Personas_y_Sociedad,El nacimiento de un hijo suele implicar la reorganización de los roles familiares y el fortalecimiento de ciertos vínculos afectivos.,2.5487328,37.84213
1073,Personas_y_Sociedad,"En algunas comunidades indígenas, la asamblea general toma decisiones importantes mediante la participación activa de sus miembros adultos.",5.899931,39.756638
1074,Personas_y_Sociedad,Las políticas de integración social buscan evitar la exclusión de colectivos vulnerables y favorecer el acceso igualitario a recursos comunes.,5.5763226,43.95292
1075,Personas_y_Sociedad,El envejecimiento poblacional plantea nuevos desafíos para el cuidado intergeneracional y la adaptación de espacios urbanos y familiares.,-2.002269,38.53923
1076,Personas_y_Sociedad,El acto de apadrinar en una comunidad es símbolo de confianza y compromiso con la educación y protección del ahijado.,3.3821414,34.72994
1077,Personas_y_Sociedad,"En las urbes, la vida acelerada dificulta a menudo el mantenimiento de lazos vecinales y la asistencia mutua tradicional.",2.445937,42.866425
1078,Personas_y_Sociedad,El uso de apellidos heredados refleja la historia social y el linaje dentro de determinadas sociedades patriarcales.,-0.37662423,37.122513
1079,Personas_y_Sociedad,Los rituales de iniciación marcan el paso de la niñez a la adultez y son fundamentales en la identidad colectiva de muchas etnias.,1.7770193,35.098087
1080,Personas_y_Sociedad,La distribución de roles de género determina tareas domésticas y responsabilidades familiares en muchas culturas tradicionales.,0.69693136,38.295612
1081,Personas_y_Sociedad,Algunas tribus celebran la llegada a la madurez con ceremonias que involucran a toda la comunidad y refuerzan la cohesion social.,1.2388252,34.80584
1082,Personas_y_Sociedad,Las asociaciones de vecinos organizan actividades que fortalecen la solidaridad local y promueven la cooperación ante problemas comunes.,4.054414,41.201027
1083,Personas_y_Sociedad,"El padrinazgo social en bodas combina lazos familiares y comunitarios, reflejando estructuras de apoyo profundamente arraigadas en la sociedad.",3.5390391,37.378086
1084,Personas_y_Sociedad,La discriminación por razones étnicas genera conflictos y desequilibrios sociales que afectan el bienestar colectivo.,3.683227,49.08134
1085,Personas_y_Sociedad,"En muchas culturas, la hospitalidad obliga a ofrecer comida y techo al visitante, aunque este sea un desconocido.",11.87916,-35.14853
1086,Personas_y_Sociedad,El fenómeno de urbanización masiva afecta la convivencia y modifica costumbres sociales consolidadas por generaciones anteriores.,1.265273,42.781166
1087,Personas_y_Sociedad,Las normas de cortesía definen el comportamiento en espacios públicos y son esenciales para la convivencia diaria entre desconocidos.,7.4274335,41.43853
1088,Personas_y_Sociedad,La planificación familiar impacta la estructura demográfica y los recursos disponibles para el cuidado de los menores y los mayores.,-2.3580015,38.510834
1089,Personas_y_Sociedad,"En las reuniones vecinales, se discuten problemas comunitarios y se toman decisiones consensuadas para mejorar la calidad de vida de todos.",4.3114057,40.740166
1090,Personas_y_Sociedad,"El chisme social, aunque criticado, cumple la función de controlar indirectamente las conductas desviadas dentro de un grupo.",5.1243634,45.585514
1091,Personas_y_Sociedad,"A través de la participación ciudadana, los habitantes influyen en la organización social y el diseño de sus propios espacios comunes.",5.726263,41.537018
1092,Personas_y_Sociedad,El sentido de responsabilidad colectiva se aprende desde la infancia mediante la colaboración en tareas familiares y comunitarias.,3.829781,39.408035
1093,Personas_y_Sociedad,"El matrimonio arreglado sigue siendo práctica en algunas regiones, como forma tradicional de asegurar alianzas y estabilidad social.",4.9860654,36.970863
1094,Personas_y_Sociedad,La celebración del día de los ancianos reconoce su contribución histórica y promueve su inclusión activa en la vida social.,-1.2770889,35.224075
1095,Personas_y_Sociedad,"Las fiestas de cumpleaños fortalecen los lazos entre amigos y familiares, reafirmando el lugar de cada persona dentro de su red social.",-0.31524605,34.93429
1096,Personas_y_Sociedad,La tolerancia religiosa permite la convivencia pacífica de múltiples creencias en una sociedad multicultural.,1.4978479,40.058323
1097,Personas_y_Sociedad,Es común que las decisiones importantes se consulten con los miembros mayores de la familia antes de tomarlas definitivamente.,-3.4485388,38.329308
1098,Personas_y_Sociedad,La protección de los derechos humanos constituye un pilar esencial para cualquier sociedad que desee garantizar justicia social.,14.018878,34.147842
1099,Personas_y_Sociedad,La inmigración favorece la diversidad y la ampliación de perspectivas culturales dentro de una comunidad receptora.,0.42074814,40.856464
1100,Personas_y_Sociedad,"El apoyo intergeneracional resulta fundamental cuando los abuelos cuidan a los nietos, asegurando la transmisión de valores y experiencia familiar.",-2.5423553,37.09552
1101,Salud,La cardiología se enfoca en las enfermedades del corazón.,-33.226936,-31.131258
1102,Salud,La vacuna antigripal reduce el riesgo de complicaciones graves.,-26.863295,-37.178284
1103,Salud,Es fundamental lavarse las manos para prevenir infecciones.,-22.510855,-35.095154
1104,Salud,Un chequeo médico anual ayuda a detectar problemas tempranos.,-32.687286,-38.10752
1105,Salud,La hipertensión puede aumentar el riesgo de accidente cerebrovascular.,-35.64649,-30.605999
1106,Salud,El asma requiere seguimiento regular por un especialista.,-30.641754,-33.1314
1107,Salud,El uso racional de antibióticos evita resistencias bacterianas.,-24.272648,-35.940487
1108,Salud,El pediatra recomienda las vacunas del calendario infantil.,-27.21062,-38.52122
1109,Salud,Las afecciones respiratorias pueden empeorar en invierno.,-29.235298,-31.884169
1110,Salud,El control glucémico es esencial para los pacientes diabéticos.,-36.236862,-34.710888
1111,Salud,La fisioterapia ayuda en la rehabilitación tras una fractura.,-10.528381,-9.175719
1112,Salud,La fiebre persistente debe ser evaluada por un médico.,-29.697245,-34.43625
1113,Salud,La deshidratación severa requiere atención hospitalaria inmediata.,-25.164768,-32.79974
1114,Salud,El colesterol alto favorece la aterosclerosis y enfermedades cardíacas.,-34.06783,-31.736168
1115,Salud,La licuación pulmonar es grave y requiere tratamiento especializado.,-30.17789,-32.748516
1116,Salud,Evite automedicarse sin indicación profesional.,-28.245337,-28.04526
1117,Salud,El médico recomienda realizar un electrocardiograma si aparecen dolores en el pecho.,-32.063053,-31.114248
1118,Salud,Tomar mucha agua puede prevenir infecciones urinarias en personas propensas.,-24.062822,-34.288685
1119,Salud,Una dieta equilibrada contribuye enormemente a la prevención de enfermedades crónicas.,-30.969269,-36.039925
1120,Salud,Las campañas de vacunación masiva ayudan a reducir brotes de enfermedades contagiosas.,-27.258955,-37.231556
1121,Salud,Es importante completar el tratamiento antibiótico para evitar recaídas infecciosas.,-24.545635,-35.810646
1122,Salud,El uso continuado de corticosteroides puede causar efectos secundarios indeseados.,-34.185875,-28.748367
1123,Salud,Una presión arterial alta mantenida en el tiempo incrementa riesgo de insuficiencia renal.,-36.405132,-31.763393
1124,Salud,La depresión debe ser tratada profesionalmente para evitar complicaciones psicosomáticas.,-28.35687,-27.741241
1125,Salud,Los especialistas recomiendan revisiones oftalmológicas periódicas en pacientes diabéticos.,-35.624084,-34.2059
1126,Salud,La recuperación tras una cirugía abdominal suele requerir fisioterapia y apoyo nutricional.,-10.729069,-10.095766
1127,Salud,Los exámenes de laboratorio facilitan la detección precoz de ciertas enfermedades.,-32.629784,-38.104748
1128,Salud,El consumo excesivo de sal contribuye al desarrollo de hipertensión arterial.,-36.409023,-31.433628
1129,Salud,Los síntomas iniciales de un infarto pueden incluir sudoración fría y palpitaciones.,-28.897045,-31.78383
1130,Salud,La insuficiencia cardíaca congestiva requiere ajustes farmacológicos periódicos.,-33.490536,-30.629072
1131,Salud,La apnea obstructiva del sueño aumenta el riesgo de accidentes cerebrovasculares.,-35.31959,-29.696968
1132,Salud,El seguimiento clínico en enfermedades crónicas resulta fundamental para un buen control.,-31.397478,-35.012745
1133,Salud,Los pacientes con artritis reumatoide deben recibir tratamiento farmacológico y rehabilitador.,-32.31693,-35.299824
1134,Salud,Es recomendable vacunar anualmente contra la influenza a los adultos mayores.,-26.742495,-37.882042
1135,Salud,La rehabilitación cardiovascular después de un infarto agudo de miocardio mejora la calidad de vida y reduce la mortalidad.,-33.767776,-31.173758
1136,Salud,"El cribado poblacional para el cáncer de mama permite la detección precoz y aumenta las posibilidades de curación, según las guías de salud pública.",-31.4764,-40.019794
1137,Salud,"Cuando se presentan síntomas como tos persistente y fiebre alta, es necesario acudir de inmediato al centro de salud para descartar neumonía.",-29.376192,-34.304123
1138,Salud,El tratamiento oportuno con anticoagulantes en pacientes con fibrilación auricular disminuye significativamente el riesgo de accidente cerebrovascular isquémico.,-34.48932,-29.75459
1139,Salud,Una adecuada higiene bucal ayuda a prevenir enfermedades periodontales que pueden afectar el estado general de salud.,-23.472082,-33.508312
1140,Salud,Los programas de educación para pacientes con diabetes enseñan autocontrol glucémico y evitan complicaciones agudas y crónicas de la enfermedad.,-36.259995,-34.793602
1141,Salud,Los partos atendidos por profesionales capacitados en hospitales reducen la mortalidad materna y neonatal.,-26.250244,-34.440845
1142,Salud,El uso apropiado del oxímetro de pulso permite detectar hipoxemia precozmente en pacientes con enfermedades respiratorias crónicas.,-31.36628,-32.456615
1143,Salud,La vacunación contra el virus del papiloma humano es clave en la prevención del cáncer de cuello uterino.,-26.973904,-40.11198
1144,Salud,La administración de suero oral en casos de diarrea infantil puede prevenir la deshidratación severa y la hospitalización.,-24.679672,-33.220963
1145,Salud,El seguimiento endocrinológico en personas con hipertiroidismo garantiza un manejo adecuado y previene complicaciones sistémicas.,-32.850437,-34.24136
1146,Salud,La detección temprana de alteraciones en mamografías aumenta la tasa de supervivencia en cáncer de mama.,-31.502457,-40.068764
1147,Salud,Los programas de control de tuberculosis requieren adherencia estricta al tratamiento para evitar recaídas y resistencia bacteriana.,-24.692062,-36.637352
1148,Salud,El monitoreo regular de la función renal es esencial en pacientes con nefropatía diabética para retrasar la progresión a insuficiencia renal crónica.,-36.312386,-33.29952
1149,Salud,La promoción de la salud mental en el ámbito escolar contribuye a la detección y atención temprana de trastornos psicológicos en niños y adolescentes.,-5.172212,52.392693
1150,Salud,Los protocolos de esterilización hospitalaria permiten reducir infecciones nosocomiales entre los pacientes sometidos a procedimientos invasivos.,-25.532894,-35.329155
1151,Temas_Sensibles,El abuso infantil sigue siendo un problema devastador.,1.8329264,53.281197
1152,Temas_Sensibles,El suicidio adolescente preocupa profundamente a la sociedad.,-3.321772,53.810925
1153,Temas_Sensibles,La trata de personas destruye vidas a diario.,1.8724369,56.211227
1154,Temas_Sensibles,Las víctimas de violencia doméstica necesitan apoyo urgente.,-0.121176675,47.747055
1155,Temas_Sensibles,Los ataques terroristas generan miedo persistente.,4.0346107,55.275974
1156,Temas_Sensibles,El desplazamiento forzado afecta comunidades enteras.,-0.38069376,44.26833
1157,Temas_Sensibles,El racismo sistémico causa sufrimiento constante.,3.0431314,50.420597
1158,Temas_Sensibles,La mutilación genital femenina viola derechos fundamentales.,5.462407,52.770348
1159,Temas_Sensibles,El acoso escolar puede tener consecuencias trágicas.,-3.1889062,52.049904
1160,Temas_Sensibles,Los asesinatos por odio aumentan la tensión social.,1.8805833,51.057175
1161,Temas_Sensibles,La discriminación de género persiste en muchos contextos.,5.428982,50.339146
1162,Temas_Sensibles,El trauma por abuso sexual requiere intervención inmediata.,1.0257157,48.428246
1163,Temas_Sensibles,El hambre extrema provoca la muerte de miles anualmente.,1.4243387,56.514294
1164,Temas_Sensibles,El alcoholismo puede destruir familias enteras.,-1.2551278,55.695183
1165,Temas_Sensibles,Las autolesiones reflejan dolor psicológico profundo.,-2.6409197,49.744473
1166,Temas_Sensibles,La pobreza severa limita toda oportunidad de vida.,0.3590412,56.400436
1167,Temas_Sensibles,Los supervivientes de violencia sexual enfrentan estigmatización y dificultad para acceder a ayuda especializada.,1.5268149,48.949577
1168,Temas_Sensibles,El duelo tras una tragedia colectiva suele precisar atención psicológica especializada para evitar secuelas irreversibles.,-1.5649213,48.017624
1169,Temas_Sensibles,Los desplazados por conflicto armado sufren pérdida de identidad y desarraigo social profundo.,0.43257493,51.801994
1170,Temas_Sensibles,El maltrato a adultos mayores constituye una crisis silenciosa que afecta a miles de personas vulnerables.,-1.26277,53.633286
1171,Temas_Sensibles,El abuso de poder dentro de círculos familiares genera víctimas que difícilmente logran reconstruir su vida después.,-0.047552917,52.752865
1172,Temas_Sensibles,El abandono infantil en contextos de guerra multiplica el riesgo de explotación y trauma severo.,0.98487496,53.47005
1173,Temas_Sensibles,El suicidio por bullying en escuelas demuestra cuán destructivo puede ser el aislamiento social y la violencia psicológica.,-3.5745683,52.21889
1174,Temas_Sensibles,Las víctimas de crímenes de odio suelen enfrentar exclusión social y temor constante por su seguridad.,1.3156742,50.416267
1175,Temas_Sensibles,La crisis humanitaria por hambruna afecta principalmente a niños y mujeres en zonas marginadas.,0.31662247,55.457016
1176,Temas_Sensibles,Los sobrevivientes de desastres naturales deben superar daños emocionales y físicos que marcan de por vida.,-2.354312,47.35405
1177,Temas_Sensibles,La discriminación por orientación sexual sigue produciendo consecuencias devastadoras para jóvenes y adultos.,4.1355658,51.596924
1178,Temas_Sensibles,La violencia política produce desplazamientos masivos y rupturas familiares dolorosas.,1.5704468,51.85263
1179,Temas_Sensibles,"El trauma psicológico de víctimas de secuestro necesita atención especializada, ya que genera ansiedad permanente.",-0.5223967,49.56493
1180,Temas_Sensibles,El abuso sistemático en instituciones religiosas produjo escándalos y daños irreparables en múltiples generaciones.,3.0246027,52.617676
1181,Temas_Sensibles,Los niños soldados sufren secuelas físicas y emocionales por toda la vida.,0.514275,53.942593
1182,Temas_Sensibles,La adicción al opio provoca deterioro social y muertes prematuras en poblaciones vulnerables.,-2.358682,55.39055
1183,Temas_Sensibles,El crimen organizado utiliza la extorsión y el asesinato como medios de control social.,5.251718,46.681095
1184,Temas_Sensibles,La prostitución forzada es una forma grave de explotación humana.,5.694937,53.25458
1185,Temas_Sensibles,El abandono de animales domésticos es una tragedia silenciosa que refleja indiferencia social.,-5.669689,50.12889
1186,Temas_Sensibles,El trauma por sobrevivir a un atentado terrorista requiere terapias psicológicas prolongadas.,-1.5438437,48.772835
1187,Temas_Sensibles,El impacto psicológico de una masacre escolar suele afectar a toda la comunidad por varios años y requiere apoyo especializado.,-2.2366576,51.944336
1188,Temas_Sensibles,La desaparición forzada de personas en regiones conflictivas genera dolor y desesperanza entre familiares y amigos.,-0.26622388,51.572655
1189,Temas_Sensibles,"Los abusos cometidos en centros de detención dejan cicatrices físicas y emocionales en las víctimas, a menudo irreversibles.",-0.8902205,50.33439
1190,Temas_Sensibles,Los suicidios por presión social se han incrementado y muestran la fragilidad emocional de algunos sectores vulnerables.,-2.985352,54.027603
1191,Temas_Sensibles,La explotación laboral infantil sigue existiendo en muchos países y daña el desarrollo físico y mental de los menores.,2.0728672,53.97693
1192,Temas_Sensibles,"La discriminación racial puede producir segregación y violencia estructural, elevando el riesgo de conflictos sociales graves.",3.4774163,49.493603
1193,Temas_Sensibles,Los traumas sufridos por víctimas de violencia familiar suelen requerir intervención psicológica y médica sostenida.,-0.6070634,48.2008
1194,Temas_Sensibles,El abuso emocional por parte de tutores genera daños psíquicos difíciles de reparar incluso en edad adulta.,-1.9645889,50.34129
1195,Temas_Sensibles,"La exclusión por discapacidad genera vulnerabilidad y dificulta el acceso a apoyo social, generando situaciones de aislamiento dolorosas.",-0.40985388,51.605217
1196,Temas_Sensibles,El feminicidio representa uno de los crímenes más graves y alarmantes de muchos países en la actualidad.,4.15881,54.302773
1197,Temas_Sensibles,El bullying homofóbico produce sufrimiento profundo y puede llevar a conductas autodestructivas entre adolescentes.,-3.7792368,51.753895
1198,Temas_Sensibles,Los secuestros por bandas delincuenciales generan miedo generalizado y trauma en las víctimas directas y sus familias.,0.2558648,50.08272
1199,Temas_Sensibles,El abandono de niños en orfanatos tras tragedias familiares es una problemática social que exige protección y atención urgente.,-1.2603465,52.55448
1200,Temas_Sensibles,El estrés postraumático tras vivir situaciones extremadamente violentas suele requerir tratamientos de larga duración para recuperar la estabilidad emocional.,-2.0659943,48.84495
1201,Viajes_y_Transporte,El tren hacia Barcelona sale a las seis.,24.937012,-26.719954
1202,Viajes_y_Transporte,¿Dónde está la parada del autobús turístico?,22.70902,-24.66703
1203,Viajes_y_Transporte,Reservé un vuelo directo a Lima.,18.78903,-29.09899
1204,Viajes_y_Transporte,Compré boletos para el ferry a Mallorca.,18.84631,-29.265665
1205,Viajes_y_Transporte,El equipaje debe pesar menos de veinte kilos.,17.01443,-24.446966
1206,Viajes_y_Transporte,Tomamos un taxi desde el aeropuerto.,19.651594,-24.182283
1207,Viajes_y_Transporte,Necesito consultar el horario del metro.,25.653063,-24.950682
1208,Viajes_y_Transporte,El crucero atracará en el puerto mañana.,23.19806,-33.11124
1209,Viajes_y_Transporte,La agencia organiza excursiones por la ciudad.,21.435698,-28.834742
1210,Viajes_y_Transporte,Hay un retraso en el embarque del vuelo.,19.361341,-22.49269
1211,Viajes_y_Transporte,El albergue juvenil está cerca de la estación central.,26.766516,-26.574322
1212,Viajes_y_Transporte,Prefiero viajar en tren por Europa.,24.20082,-29.839466
1213,Viajes_y_Transporte,Mi pasaporte caduca antes del próximo viaje.,20.741234,-21.653994
1214,Viajes_y_Transporte,¿Cuánto cuesta el billete de metro sencillo?,25.56674,-25.335978
1215,Viajes_y_Transporte,El GPS indica tráfico intenso en la autopista.,25.130001,-17.853209
1216,Viajes_y_Transporte,El avión aterrizó con una hora de retraso.,19.202787,-22.376488
1217,Viajes_y_Transporte,Descargué una aplicación para reservar hoteles y vuelos fácilmente.,16.32518,-27.312716
1218,Viajes_y_Transporte,El recorrido panorámico en helicóptero sobre las cataratas es impresionante.,16.143356,-30.570108
1219,Viajes_y_Transporte,Viajamos en autocaravana por la costa durante todo el verano pasado.,17.348026,-31.565151
1220,Viajes_y_Transporte,El recorrido en bicicleta incluye paradas en pueblos turísticos del sur de Italia.,22.69579,-28.035086
1221,Viajes_y_Transporte,¿Requiere visado el viaje a Turquía para ciudadanos españoles?,20.198273,-30.560549
1222,Viajes_y_Transporte,El mal tiempo provocó la cancelación del ferry entre islas griegas.,16.519243,-7.052744
1223,Viajes_y_Transporte,Recomiendo comprar el pase interrail si piensas viajar por varios países europeos.,24.103897,-29.774864
1224,Viajes_y_Transporte,"Al reservar el tren de alta velocidad, escoge preferente para mayor comodidad.",26.088762,-28.045403
1225,Viajes_y_Transporte,Las conexiones de transporte público en Berlín son altamente eficientes para turistas.,23.96053,-28.556425
1226,Viajes_y_Transporte,Contraté un seguro de viaje que incluye cobertura médica internacional y equipaje.,21.189947,-19.940504
1227,Viajes_y_Transporte,¿Dónde puedo cambiar moneda extranjera cerca de la terminal de buses?,22.493464,-24.91739
1228,Viajes_y_Transporte,El vuelo transcontinental incluye comidas y entretenimiento a bordo sin costo adicional.,18.603529,-26.721737
1229,Viajes_y_Transporte,El guía recomendó visitar el casco antiguo durante la excursión a pie por Lisboa.,21.87144,-30.342293
1230,Viajes_y_Transporte,El alquiler de coches sin conductor está disponible en la estación principal de trenes.,26.381065,-27.589352
1231,Viajes_y_Transporte,El transbordador opera cada hora entre ambas orillas del lago suizo.,22.644886,-32.633183
1232,Viajes_y_Transporte,Contraté una excursión en grupo al cañón del Sumidero con transporte incluido.,17.871159,-30.060682
1233,Viajes_y_Transporte,La aerolínea permite facturar dos maletas grandes por pasajero en clase turista.,18.130375,-25.171318
1234,Viajes_y_Transporte,Descubrimos paisajes increíbles durante el tour en globo aerostático por la Capadocia.,16.397825,-30.52707
1235,Viajes_y_Transporte,La red ferroviaria japonesa es famosa por su puntualidad y velocidad.,26.933266,-24.285578
1236,Viajes_y_Transporte,El folleto turístico incluye mapas detallados de rutas de senderismo y transporte público.,21.389894,-28.414381
1237,Viajes_y_Transporte,La reserva anticipada del hostel nos permitió ahorrar en alojamiento durante el viaje.,16.195778,-27.355446
1238,Viajes_y_Transporte,"Durante nuestro viaje, utilizamos la tarjeta de transporte recargable en todos los buses urbanos.",21.29683,-25.934977
1239,Viajes_y_Transporte,Debes confirmar la salida del autobús nocturno con el operador antes de embarcar.,22.71156,-23.788294
1240,Viajes_y_Transporte,Contratamos traslados privados desde el hotel hasta el aeropuerto internacional de Cancún.,19.386284,-25.337145
1241,Viajes_y_Transporte,Viajar con mochila facilita los trayectos largos en tren y autobús por Asia.,21.182928,-26.330856
1242,Viajes_y_Transporte,Los transbordos entre líneas del metro de París están bien señalizados para turistas.,23.730228,-28.47965
1243,Viajes_y_Transporte,"El ticket combinado incluye acceso ilimitado a barcos, tranvías y funiculares en la región alpina.",21.75081,-32.631752
1244,Viajes_y_Transporte,"Antes de partir, revisa los requisitos de vacunación para ingresar a países africanos en tu itinerario.",-28.26988,-38.170067
1245,Viajes_y_Transporte,El paseo en barco por los canales de Amsterdam es una experiencia recomendable en toda visita.,23.094051,-30.895668
1246,Viajes_y_Transporte,Las excursiones programadas suelen ofrecer guías multilingües y transporte puerta a puerta.,21.203455,-28.258081
1247,Viajes_y_Transporte,Usamos una tarjeta SIM internacional para orientarnos durante nuestro viaje por carretera en Australia.,21.99461,-20.0276
1248,Viajes_y_Transporte,La maleta de mano debe cumplir las normas de la aerolínea sobre dimensiones y peso.,17.552862,-24.783503
1249,Viajes_y_Transporte,El boleto de avión incluye el traslado en autobús desde el aeropuerto al centro de la ciudad.,20.161829,-24.756401
1250,Viajes_y_Transporte,"Consulté la web de RENFE para modificar mi billete de tren, ya que cambié el itinerario.",25.140223,-23.745821
